# Blender 5.0.1
# www.blender.org
mtllib cross.mtl
o Curve
v 0.631290 0.130165 -0.021120
v 0.630461 0.130165 -0.023027
v 0.629578 0.130165 -0.024908
v 0.628643 0.130165 -0.026762
v 0.627656 0.130165 -0.028587
v 0.626618 0.130165 -0.030383
v 0.625530 0.130165 -0.032148
v 0.624392 0.130165 -0.033881
v 0.623204 0.130165 -0.035582
v 0.621968 0.130165 -0.037248
v 0.620685 0.130165 -0.038880
v 0.619354 0.130165 -0.040477
v 0.617977 0.130165 -0.042035
v 0.617977 0.130165 -0.042035
v 0.617977 0.130165 -0.042035
v 0.617977 0.130165 -0.042035
v 0.617977 0.130165 -0.042035
v 0.617977 0.130165 -0.042035
v 0.617977 0.130165 -0.042035
v 0.617977 0.130165 -0.042035
v 0.617977 0.130165 -0.042035
v 0.617977 0.130165 -0.042035
v 0.617977 0.130165 -0.042035
v 0.617977 0.130165 -0.042035
v 0.617977 0.130165 -0.042035
v 0.427794 0.130165 -0.232179
v 0.424693 0.130165 -0.234999
v 0.421436 0.130165 -0.237604
v 0.418033 0.130165 -0.239988
v 0.414496 0.130165 -0.242145
v 0.410836 0.130165 -0.244070
v 0.407067 0.130165 -0.245757
v 0.403198 0.130165 -0.247201
v 0.399243 0.130165 -0.248394
v 0.395212 0.130165 -0.249333
v 0.391117 0.130165 -0.250010
v 0.386971 0.130165 -0.250421
v 0.382784 0.130165 -0.250559
v 0.378597 0.130165 -0.250421
v 0.374451 0.130165 -0.250009
v 0.370359 0.130165 -0.249330
v 0.366332 0.130165 -0.248388
v 0.362383 0.130165 -0.247187
v 0.358524 0.130165 -0.245735
v 0.354768 0.130165 -0.244034
v 0.351127 0.130165 -0.242091
v 0.347613 0.130165 -0.239910
v 0.344238 0.130165 -0.237498
v 0.341016 0.130165 -0.234857
v 0.337957 0.130165 -0.231995
v 0.335094 0.130165 -0.228938
v 0.332454 0.130165 -0.225716
v 0.330040 0.130165 -0.222342
v 0.327860 0.130165 -0.218829
v 0.325916 0.130165 -0.215188
v 0.324215 0.130165 -0.211433
v 0.322762 0.130165 -0.207575
v 0.321561 0.130165 -0.203627
v 0.320619 0.130165 -0.199601
v 0.319939 0.130165 -0.195509
v 0.319528 0.130165 -0.191364
v 0.319389 0.130165 -0.187178
v 0.319528 0.130165 -0.182992
v 0.319939 0.130165 -0.178847
v 0.320619 0.130165 -0.174755
v 0.321561 0.130165 -0.170729
v 0.322762 0.130165 -0.166781
v 0.324215 0.130165 -0.162923
v 0.325916 0.130165 -0.159168
v 0.327860 0.130165 -0.155527
v 0.330040 0.130165 -0.152014
v 0.332454 0.130165 -0.148640
v 0.335094 0.130165 -0.145418
v 0.337957 0.130165 -0.142361
v 0.339575 0.130165 -0.140749
v 0.344048 0.130165 -0.136291
v 0.350806 0.130165 -0.129557
v 0.359276 0.130165 -0.121116
v 0.368888 0.130165 -0.111537
v 0.379072 0.130165 -0.101388
v 0.389256 0.130165 -0.091240
v 0.398868 0.130165 -0.081661
v 0.407338 0.130165 -0.073220
v 0.414096 0.130165 -0.066486
v 0.418569 0.130165 -0.062028
v 0.420187 0.130165 -0.060416
v 0.065812 0.130165 -0.060416
v 0.065812 0.130165 -0.414716
v 0.147591 0.130165 -0.332321
v 0.149600 0.130165 -0.330382
v 0.151688 0.130165 -0.328538
v 0.153851 0.130165 -0.326791
v 0.156085 0.130165 -0.325143
v 0.158387 0.130165 -0.323596
v 0.160753 0.130165 -0.322151
v 0.163181 0.130165 -0.320811
v 0.165665 0.130165 -0.319578
v 0.168204 0.130165 -0.318454
v 0.170793 0.130165 -0.317441
v 0.173430 0.130165 -0.316540
v 0.176109 0.130165 -0.315755
v 0.178821 0.130165 -0.315088
v 0.181553 0.130165 -0.314543
v 0.184301 0.130165 -0.314118
v 0.187061 0.130165 -0.313815
v 0.189829 0.130165 -0.313633
v 0.192601 0.130165 -0.313573
v 0.195373 0.130165 -0.313633
v 0.198141 0.130165 -0.313815
v 0.200901 0.130165 -0.314118
v 0.203649 0.130165 -0.314543
v 0.206380 0.130165 -0.315088
v 0.209092 0.130165 -0.315755
v 0.211772 0.130165 -0.316540
v 0.214408 0.130165 -0.317441
v 0.216997 0.130165 -0.318454
v 0.219536 0.130165 -0.319578
v 0.222021 0.130165 -0.320811
v 0.224448 0.130165 -0.322151
v 0.226814 0.130165 -0.323596
v 0.229116 0.130165 -0.325143
v 0.231350 0.130165 -0.326791
v 0.233513 0.130165 -0.328538
v 0.235601 0.130165 -0.330382
v 0.237611 0.130165 -0.332321
v 0.239550 0.130165 -0.334330
v 0.241394 0.130165 -0.336417
v 0.243141 0.130165 -0.338580
v 0.244790 0.130165 -0.340813
v 0.246338 0.130165 -0.343115
v 0.247782 0.130165 -0.345481
v 0.249123 0.130165 -0.347907
v 0.250356 0.130165 -0.350392
v 0.251480 0.130165 -0.352930
v 0.252494 0.130165 -0.355518
v 0.253394 0.130165 -0.358154
v 0.254180 0.130165 -0.360833
v 0.254847 0.130165 -0.363545
v 0.255393 0.130165 -0.366276
v 0.255817 0.130165 -0.369023
v 0.256120 0.130165 -0.371782
v 0.256302 0.130165 -0.374550
v 0.256363 0.130165 -0.377321
v 0.256302 0.130165 -0.380093
v 0.256120 0.130165 -0.382860
v 0.255817 0.130165 -0.385619
v 0.255393 0.130165 -0.388367
v 0.254847 0.130165 -0.391098
v 0.254180 0.130165 -0.393809
v 0.253394 0.130165 -0.396488
v 0.252494 0.130165 -0.399124
v 0.251480 0.130165 -0.401713
v 0.250356 0.130165 -0.404251
v 0.249123 0.130165 -0.406735
v 0.247782 0.130165 -0.409162
v 0.246338 0.130165 -0.411528
v 0.244790 0.130165 -0.413829
v 0.243141 0.130165 -0.416063
v 0.241394 0.130165 -0.418225
v 0.239550 0.130165 -0.420312
v 0.237611 0.130165 -0.422322
v 0.233869 0.130165 -0.426063
v 0.223523 0.130165 -0.436406
v 0.207895 0.130165 -0.452032
v 0.188304 0.130165 -0.471618
v 0.166072 0.130165 -0.493846
v 0.142519 0.130165 -0.517393
v 0.118966 0.130165 -0.540941
v 0.096734 0.130165 -0.563168
v 0.077143 0.130165 -0.582755
v 0.061515 0.130165 -0.598380
v 0.051169 0.130165 -0.608723
v 0.047427 0.130165 -0.612465
v 0.047427 0.130165 -0.612465
v 0.045868 0.130165 -0.613842
v 0.044272 0.130165 -0.615172
v 0.042639 0.130165 -0.616455
v 0.040972 0.130165 -0.617691
v 0.039271 0.130165 -0.618878
v 0.037537 0.130165 -0.620016
v 0.035772 0.130165 -0.621104
v 0.033976 0.130165 -0.622142
v 0.032150 0.130165 -0.623128
v 0.030296 0.130165 -0.624063
v 0.028415 0.130165 -0.624946
v 0.026507 0.130165 -0.625775
v 0.024597 0.130165 -0.626580
v 0.022664 0.130165 -0.627316
v 0.020708 0.130165 -0.627984
v 0.018733 0.130165 -0.628584
v 0.016738 0.130165 -0.629114
v 0.014728 0.130165 -0.629575
v 0.012702 0.130165 -0.629966
v 0.010664 0.130165 -0.630287
v 0.008614 0.130165 -0.630537
v 0.006555 0.130165 -0.630717
v 0.004489 0.130165 -0.630824
v 0.002417 0.130165 -0.630860
v 0.000345 0.130165 -0.630824
v -0.001721 0.130165 -0.630717
v -0.003780 0.130165 -0.630537
v -0.005829 0.130165 -0.630287
v -0.007868 0.130165 -0.629966
v -0.009893 0.130165 -0.629575
v -0.011904 0.130165 -0.629114
v -0.013898 0.130165 -0.628584
v -0.015874 0.130165 -0.627984
v -0.017830 0.130165 -0.627316
v -0.019763 0.130165 -0.626579
v -0.021673 0.130165 -0.625775
v -0.023580 0.130165 -0.624946
v -0.025462 0.130165 -0.624063
v -0.027316 0.130165 -0.623129
v -0.029142 0.130165 -0.622142
v -0.030938 0.130165 -0.621104
v -0.032703 0.130165 -0.620016
v -0.034437 0.130165 -0.618878
v -0.036138 0.130165 -0.617691
v -0.037805 0.130165 -0.616455
v -0.039437 0.130165 -0.615172
v -0.041034 0.130165 -0.613842
v -0.042593 0.130165 -0.612465
v -0.042593 0.130165 -0.612465
v -0.042593 0.130165 -0.612465
v -0.042593 0.130165 -0.612465
v -0.042593 0.130165 -0.612465
v -0.042593 0.130165 -0.612465
v -0.042593 0.130165 -0.612465
v -0.042593 0.130165 -0.612465
v -0.042593 0.130165 -0.612465
v -0.042593 0.130165 -0.612465
v -0.042593 0.130165 -0.612465
v -0.042593 0.130165 -0.612465
v -0.042593 0.130165 -0.612465
v -0.232776 0.130165 -0.422322
v -0.235597 0.130165 -0.419222
v -0.238202 0.130165 -0.415965
v -0.240587 0.130165 -0.412562
v -0.242745 0.130165 -0.409026
v -0.244671 0.130165 -0.405368
v -0.246358 0.130165 -0.401599
v -0.247802 0.130165 -0.397731
v -0.248996 0.130165 -0.393777
v -0.249934 0.130165 -0.389747
v -0.250612 0.130165 -0.385653
v -0.251022 0.130165 -0.381507
v -0.251161 0.130165 -0.377321
v -0.251022 0.130165 -0.373135
v -0.250611 0.130165 -0.368990
v -0.249931 0.130165 -0.364899
v -0.248989 0.130165 -0.360872
v -0.247788 0.130165 -0.356924
v -0.246335 0.130165 -0.353066
v -0.244634 0.130165 -0.349311
v -0.242691 0.130165 -0.345671
v -0.240510 0.130165 -0.342157
v -0.238096 0.130165 -0.338784
v -0.235456 0.130165 -0.335562
v -0.232593 0.130165 -0.332504
v -0.229534 0.130165 -0.329642
v -0.226312 0.130165 -0.327002
v -0.222937 0.130165 -0.324589
v -0.219424 0.130165 -0.322408
v -0.215782 0.130165 -0.320465
v -0.212026 0.130165 -0.318765
v -0.208167 0.130165 -0.317312
v -0.204219 0.130165 -0.316112
v -0.200192 0.130165 -0.315169
v -0.196099 0.130165 -0.314490
v -0.191953 0.130165 -0.314079
v -0.187766 0.130165 -0.313940
v -0.183579 0.130165 -0.314079
v -0.179433 0.130165 -0.314490
v -0.175341 0.130165 -0.315169
v -0.171314 0.130165 -0.316112
v -0.167365 0.130165 -0.317312
v -0.163506 0.130165 -0.318765
v -0.159750 0.130165 -0.320465
v -0.156109 0.130165 -0.322408
v -0.152595 0.130165 -0.324589
v -0.149221 0.130165 -0.327002
v -0.145998 0.130165 -0.329642
v -0.142940 0.130165 -0.332504
v -0.141327 0.130165 -0.334122
v -0.136868 0.130165 -0.338594
v -0.130133 0.130165 -0.345350
v -0.121690 0.130165 -0.353818
v -0.112109 0.130165 -0.363429
v -0.101958 0.130165 -0.373610
v -0.091808 0.130165 -0.383791
v -0.082227 0.130165 -0.393402
v -0.073784 0.130165 -0.401870
v -0.067048 0.130165 -0.408626
v -0.062590 0.130165 -0.413099
v -0.060977 0.130165 -0.414716
v -0.060977 0.130165 -0.060416
v -0.415352 0.130165 -0.060416
v -0.332939 0.130165 -0.142178
v -0.330119 0.130165 -0.145277
v -0.327513 0.130165 -0.148534
v -0.325129 0.130165 -0.151937
v -0.322971 0.130165 -0.155473
v -0.321045 0.130165 -0.159132
v -0.319358 0.130165 -0.162900
v -0.317914 0.130165 -0.166768
v -0.316720 0.130165 -0.170723
v -0.315782 0.130165 -0.174753
v -0.315104 0.130165 -0.178846
v -0.314693 0.130165 -0.182992
v -0.314555 0.130165 -0.187178
v -0.314693 0.130165 -0.191364
v -0.315105 0.130165 -0.195509
v -0.315785 0.130165 -0.199601
v -0.316727 0.130165 -0.203627
v -0.317928 0.130165 -0.207575
v -0.319381 0.130165 -0.211433
v -0.321082 0.130165 -0.215189
v -0.323025 0.130165 -0.218829
v -0.325206 0.130165 -0.222342
v -0.327620 0.130165 -0.225716
v -0.330260 0.130165 -0.228938
v -0.333123 0.130165 -0.231995
v -0.336181 0.130165 -0.234857
v -0.339404 0.130165 -0.237498
v -0.342778 0.130165 -0.239910
v -0.346292 0.130165 -0.242091
v -0.349933 0.130165 -0.244034
v -0.353690 0.130165 -0.245735
v -0.357548 0.130165 -0.247187
v -0.361497 0.130165 -0.248388
v -0.365524 0.130165 -0.249330
v -0.369617 0.130165 -0.250009
v -0.373763 0.130165 -0.250421
v -0.377950 0.130165 -0.250559
v -0.382136 0.130165 -0.250421
v -0.386282 0.130165 -0.250009
v -0.390375 0.130165 -0.249330
v -0.394402 0.130165 -0.248388
v -0.398351 0.130165 -0.247187
v -0.402210 0.130165 -0.245735
v -0.405966 0.130165 -0.244034
v -0.409607 0.130165 -0.242091
v -0.413121 0.130165 -0.239910
v -0.416495 0.130165 -0.237498
v -0.419718 0.130165 -0.234857
v -0.422776 0.130165 -0.231995
v -0.426522 0.130165 -0.228258
v -0.436877 0.130165 -0.217924
v -0.452521 0.130165 -0.202314
v -0.472131 0.130165 -0.182747
v -0.494384 0.130165 -0.160541
v -0.517960 0.130165 -0.137015
v -0.541535 0.130165 -0.113490
v -0.563789 0.130165 -0.091284
v -0.583398 0.130165 -0.071717
v -0.599042 0.130165 -0.056107
v -0.609397 0.130165 -0.045773
v -0.613143 0.130165 -0.042035
v -0.613143 0.130165 -0.042035
v -0.614520 0.130165 -0.040476
v -0.615851 0.130165 -0.038880
v -0.617134 0.130165 -0.037248
v -0.618370 0.130165 -0.035582
v -0.619557 0.130165 -0.033881
v -0.620695 0.130165 -0.032148
v -0.621784 0.130165 -0.030383
v -0.622822 0.130165 -0.028587
v -0.623809 0.130165 -0.026762
v -0.624744 0.130165 -0.024908
v -0.625626 0.130165 -0.023027
v -0.626456 0.130165 -0.021120
v -0.627260 0.130165 -0.019210
v -0.627997 0.130165 -0.017277
v -0.628665 0.130165 -0.015322
v -0.629265 0.130165 -0.013347
v -0.629796 0.130165 -0.011353
v -0.630257 0.130165 -0.009343
v -0.630648 0.130165 -0.007318
v -0.630969 0.130165 -0.005280
v -0.631219 0.130165 -0.003231
v -0.631398 0.130165 -0.001172
v -0.631506 0.130165 0.000894
v -0.631542 0.130165 0.002965
v -0.631506 0.130165 0.005037
v -0.631398 0.130165 0.007102
v -0.631219 0.130165 0.009161
v -0.630969 0.130165 0.011210
v -0.630648 0.130165 0.013248
v -0.630257 0.130165 0.015273
v -0.629796 0.130165 0.017283
v -0.629265 0.130165 0.019277
v -0.628665 0.130165 0.021252
v -0.627997 0.130165 0.023208
v -0.627260 0.130165 0.025141
v -0.626456 0.130165 0.027050
v -0.625626 0.130165 0.028957
v -0.624744 0.130165 0.030838
v -0.623809 0.130165 0.032692
v -0.622822 0.130165 0.034517
v -0.621784 0.130165 0.036313
v -0.620695 0.130165 0.038078
v -0.619557 0.130165 0.039811
v -0.618370 0.130165 0.041512
v -0.617134 0.130165 0.043179
v -0.615850 0.130165 0.044811
v -0.614520 0.130165 0.046407
v -0.613143 0.130165 0.047966
v -0.613143 0.130165 0.047966
v -0.613143 0.130165 0.047966
v -0.613143 0.130165 0.047966
v -0.613143 0.130165 0.047966
v -0.613143 0.130165 0.047966
v -0.613143 0.130165 0.047966
v -0.613143 0.130165 0.047966
v -0.613143 0.130165 0.047966
v -0.613143 0.130165 0.047966
v -0.613143 0.130165 0.047966
v -0.613143 0.130165 0.047966
v -0.613143 0.130165 0.047966
v -0.422960 0.130165 0.238109
v -0.420950 0.130165 0.240047
v -0.418862 0.130165 0.241891
v -0.416699 0.130165 0.243638
v -0.414465 0.130165 0.245286
v -0.412163 0.130165 0.246834
v -0.409797 0.130165 0.248279
v -0.407369 0.130165 0.249618
v -0.404885 0.130165 0.250851
v -0.402346 0.130165 0.251976
v -0.399757 0.130165 0.252989
v -0.397121 0.130165 0.253889
v -0.394441 0.130165 0.254675
v -0.391729 0.130165 0.255342
v -0.388997 0.130165 0.255887
v -0.386249 0.130165 0.256311
v -0.383489 0.130165 0.256614
v -0.380722 0.130165 0.256796
v -0.377950 0.130165 0.256857
v -0.375178 0.130165 0.256796
v -0.372410 0.130165 0.256614
v -0.369650 0.130165 0.256311
v -0.366902 0.130165 0.255887
v -0.364170 0.130165 0.255342
v -0.361458 0.130165 0.254675
v -0.358778 0.130165 0.253889
v -0.356142 0.130165 0.252989
v -0.353553 0.130165 0.251976
v -0.351014 0.130165 0.250851
v -0.348530 0.130165 0.249618
v -0.346102 0.130165 0.248279
v -0.343736 0.130165 0.246834
v -0.341434 0.130165 0.245286
v -0.339200 0.130165 0.243638
v -0.337037 0.130165 0.241891
v -0.334949 0.130165 0.240047
v -0.332939 0.130165 0.238109
v -0.331001 0.130165 0.236100
v -0.329156 0.130165 0.234012
v -0.327409 0.130165 0.231850
v -0.325760 0.130165 0.229616
v -0.324213 0.130165 0.227315
v -0.322768 0.130165 0.224949
v -0.321428 0.130165 0.222522
v -0.320194 0.130165 0.220038
v -0.319070 0.130165 0.217500
v -0.318056 0.130165 0.214911
v -0.317156 0.130165 0.212275
v -0.316370 0.130165 0.209596
v -0.315703 0.130165 0.206885
v -0.315158 0.130165 0.204154
v -0.314733 0.130165 0.201406
v -0.314430 0.130165 0.198647
v -0.314248 0.130165 0.195880
v -0.314187 0.130165 0.193108
v -0.314248 0.130165 0.190337
v -0.314430 0.130165 0.187570
v -0.314733 0.130165 0.184810
v -0.315158 0.130165 0.182063
v -0.315703 0.130165 0.179332
v -0.316370 0.130165 0.176620
v -0.317156 0.130165 0.173941
v -0.318056 0.130165 0.171306
v -0.319070 0.130165 0.168717
v -0.320194 0.130165 0.166179
v -0.321428 0.130165 0.163695
v -0.322768 0.130165 0.161268
v -0.324213 0.130165 0.158902
v -0.325760 0.130165 0.156601
v -0.327409 0.130165 0.154367
v -0.329156 0.130165 0.152205
v -0.331001 0.130165 0.150117
v -0.332939 0.130165 0.148108
v -0.334561 0.130165 0.146499
v -0.339044 0.130165 0.142051
v -0.345816 0.130165 0.135333
v -0.354306 0.130165 0.126910
v -0.363940 0.130165 0.117353
v -0.374146 0.130165 0.107227
v -0.384352 0.130165 0.097101
v -0.393986 0.130165 0.087544
v -0.402475 0.130165 0.079122
v -0.409248 0.130165 0.072403
v -0.413731 0.130165 0.067955
v -0.415352 0.130165 0.066346
v -0.060977 0.130165 0.066346
v -0.060977 0.130165 0.420646
v -0.142756 0.130165 0.338251
v -0.145857 0.130165 0.335431
v -0.149114 0.130165 0.332826
v -0.152517 0.130165 0.330442
v -0.156054 0.130165 0.328284
v -0.159714 0.130165 0.326359
v -0.163483 0.130165 0.324672
v -0.167352 0.130165 0.323229
v -0.171307 0.130165 0.322035
v -0.175338 0.130165 0.321097
v -0.179432 0.130165 0.320419
v -0.183579 0.130165 0.320009
v -0.187766 0.130165 0.319870
v -0.191953 0.130165 0.320009
v -0.196099 0.130165 0.320420
v -0.200192 0.130165 0.321100
v -0.204219 0.130165 0.322042
v -0.208167 0.130165 0.323242
v -0.212026 0.130165 0.324695
v -0.215782 0.130165 0.326396
v -0.219424 0.130165 0.328339
v -0.222937 0.130165 0.330519
v -0.226312 0.130165 0.332932
v -0.229534 0.130165 0.335572
v -0.232593 0.130165 0.338434
v -0.235456 0.130165 0.341492
v -0.238096 0.130165 0.344714
v -0.240510 0.130165 0.348088
v -0.242691 0.130165 0.351601
v -0.244634 0.130165 0.355241
v -0.246335 0.130165 0.358997
v -0.247788 0.130165 0.362855
v -0.248989 0.130165 0.366803
v -0.249931 0.130165 0.370829
v -0.250611 0.130165 0.374920
v -0.251022 0.130165 0.379066
v -0.251161 0.130165 0.383252
v -0.251022 0.130165 0.387438
v -0.250611 0.130165 0.391583
v -0.249931 0.130165 0.395674
v -0.248989 0.130165 0.399700
v -0.247788 0.130165 0.403648
v -0.246335 0.130165 0.407506
v -0.244634 0.130165 0.411262
v -0.242691 0.130165 0.414902
v -0.240510 0.130165 0.418415
v -0.238096 0.130165 0.421789
v -0.235456 0.130165 0.425011
v -0.232593 0.130165 0.428069
v -0.228854 0.130165 0.431814
v -0.218519 0.130165 0.442167
v -0.202905 0.130165 0.457807
v -0.183334 0.130165 0.477413
v -0.161123 0.130165 0.499661
v -0.137593 0.130165 0.523232
v -0.114063 0.130165 0.546802
v -0.091852 0.130165 0.569051
v -0.072280 0.130165 0.588657
v -0.056667 0.130165 0.604297
v -0.046331 0.130165 0.614650
v -0.042593 0.130165 0.618395
v -0.042593 0.130165 0.618395
v -0.041034 0.130165 0.619772
v -0.039437 0.130165 0.621102
v -0.037805 0.130165 0.622385
v -0.036138 0.130165 0.623621
v -0.034437 0.130165 0.624808
v -0.032703 0.130165 0.625946
v -0.030937 0.130165 0.627034
v -0.029141 0.130165 0.628072
v -0.027316 0.130165 0.629059
v -0.025462 0.130165 0.629994
v -0.023580 0.130165 0.630876
v -0.021673 0.130165 0.631705
v -0.019763 0.130165 0.632510
v -0.017830 0.130165 0.633246
v -0.015874 0.130165 0.633914
v -0.013898 0.130165 0.634514
v -0.011904 0.130165 0.635044
v -0.009893 0.130165 0.635505
v -0.007868 0.130165 0.635896
v -0.005829 0.130165 0.636217
v -0.003780 0.130165 0.636468
v -0.001721 0.130165 0.636647
v 0.000345 0.130165 0.636755
v 0.002417 0.130165 0.636791
v 0.004489 0.130165 0.636755
v 0.006555 0.130165 0.636647
v 0.008614 0.130165 0.636468
v 0.010664 0.130165 0.636217
v 0.012702 0.130165 0.635896
v 0.014728 0.130165 0.635505
v 0.016738 0.130165 0.635044
v 0.018733 0.130165 0.634514
v 0.020708 0.130165 0.633914
v 0.022664 0.130165 0.633246
v 0.024597 0.130165 0.632510
v 0.026507 0.130165 0.631705
v 0.028415 0.130165 0.630876
v 0.030296 0.130165 0.629994
v 0.032150 0.130165 0.629059
v 0.033976 0.130165 0.628072
v 0.035772 0.130165 0.627034
v 0.037537 0.130165 0.625946
v 0.039271 0.130165 0.624808
v 0.040972 0.130165 0.623621
v 0.042639 0.130165 0.622385
v 0.044272 0.130165 0.621102
v 0.045868 0.130165 0.619772
v 0.047427 0.130165 0.618395
v 0.047427 0.130165 0.618395
v 0.047427 0.130165 0.618395
v 0.047427 0.130165 0.618395
v 0.047427 0.130165 0.618395
v 0.047427 0.130165 0.618395
v 0.047427 0.130165 0.618395
v 0.047427 0.130165 0.618395
v 0.047427 0.130165 0.618395
v 0.047427 0.130165 0.618395
v 0.047427 0.130165 0.618395
v 0.047427 0.130165 0.618395
v 0.047427 0.130165 0.618395
v 0.237611 0.130165 0.428252
v 0.240431 0.130165 0.425152
v 0.243037 0.130165 0.421895
v 0.245421 0.130165 0.418493
v 0.247579 0.130165 0.414956
v 0.249505 0.130165 0.411298
v 0.251192 0.130165 0.407529
v 0.252636 0.130165 0.403662
v 0.253830 0.130165 0.399707
v 0.254769 0.130165 0.395677
v 0.255446 0.130165 0.391583
v 0.255857 0.130165 0.387438
v 0.255995 0.130165 0.383252
v 0.255857 0.130165 0.379066
v 0.255445 0.130165 0.374920
v 0.254766 0.130165 0.370829
v 0.253823 0.130165 0.366803
v 0.252623 0.130165 0.362855
v 0.251169 0.130165 0.358997
v 0.249469 0.130165 0.355241
v 0.247525 0.130165 0.351601
v 0.245344 0.130165 0.348088
v 0.242931 0.130165 0.344714
v 0.240290 0.130165 0.341492
v 0.237427 0.130165 0.338434
v 0.234369 0.130165 0.335572
v 0.231146 0.130165 0.332932
v 0.227772 0.130165 0.330519
v 0.224258 0.130165 0.328339
v 0.220617 0.130165 0.326396
v 0.216861 0.130165 0.324695
v 0.213002 0.130165 0.323242
v 0.209053 0.130165 0.322042
v 0.205026 0.130165 0.321100
v 0.200934 0.130165 0.320420
v 0.196788 0.130165 0.320009
v 0.192601 0.130165 0.319870
v 0.188414 0.130165 0.320009
v 0.184268 0.130165 0.320420
v 0.180175 0.130165 0.321100
v 0.176148 0.130165 0.322042
v 0.172199 0.130165 0.323242
v 0.168341 0.130165 0.324695
v 0.164585 0.130165 0.326396
v 0.160943 0.130165 0.328339
v 0.157429 0.130165 0.330519
v 0.154055 0.130165 0.332932
v 0.150832 0.130165 0.335572
v 0.147774 0.130165 0.338434
v 0.146161 0.130165 0.340052
v 0.141703 0.130165 0.344524
v 0.134967 0.130165 0.351280
v 0.126525 0.130165 0.359749
v 0.116943 0.130165 0.369359
v 0.106793 0.130165 0.379540
v 0.096642 0.130165 0.389722
v 0.087061 0.130165 0.399332
v 0.078618 0.130165 0.407801
v 0.071883 0.130165 0.414557
v 0.067424 0.130165 0.419029
v 0.065812 0.130165 0.420646
v 0.065812 0.130165 0.066346
v 0.420187 0.130165 0.066346
v 0.337774 0.130165 0.148108
v 0.335835 0.130165 0.150117
v 0.333991 0.130165 0.152205
v 0.332243 0.130165 0.154367
v 0.330595 0.130165 0.156601
v 0.329047 0.130165 0.158902
v 0.327602 0.130165 0.161268
v 0.326262 0.130165 0.163695
v 0.325029 0.130165 0.166179
v 0.323904 0.130165 0.168717
v 0.322891 0.130165 0.171306
v 0.321990 0.130165 0.173941
v 0.321205 0.130165 0.176620
v 0.320538 0.130165 0.179332
v 0.319992 0.130165 0.182063
v 0.319567 0.130165 0.184810
v 0.319264 0.130165 0.187570
v 0.319082 0.130165 0.190337
v 0.319022 0.130165 0.193108
v 0.319082 0.130165 0.195880
v 0.319264 0.130165 0.198647
v 0.319567 0.130165 0.201406
v 0.319992 0.130165 0.204154
v 0.320538 0.130165 0.206885
v 0.321205 0.130165 0.209596
v 0.321990 0.130165 0.212275
v 0.322891 0.130165 0.214911
v 0.323904 0.130165 0.217500
v 0.325029 0.130165 0.220038
v 0.326262 0.130165 0.222522
v 0.327602 0.130165 0.224949
v 0.329047 0.130165 0.227315
v 0.330595 0.130165 0.229616
v 0.332243 0.130165 0.231850
v 0.333991 0.130165 0.234012
v 0.335835 0.130165 0.236100
v 0.337774 0.130165 0.238109
v 0.339784 0.130165 0.240047
v 0.341872 0.130165 0.241891
v 0.344034 0.130165 0.243638
v 0.346269 0.130165 0.245286
v 0.348571 0.130165 0.246834
v 0.350937 0.130165 0.248279
v 0.353364 0.130165 0.249618
v 0.355849 0.130165 0.250851
v 0.358387 0.130165 0.251976
v 0.360977 0.130165 0.252989
v 0.363613 0.130165 0.253889
v 0.366292 0.130165 0.254675
v 0.369004 0.130165 0.255342
v 0.371736 0.130165 0.255887
v 0.374484 0.130165 0.256311
v 0.377244 0.130165 0.256614
v 0.380012 0.130165 0.256796
v 0.382784 0.130165 0.256857
v 0.385556 0.130165 0.256796
v 0.388324 0.130165 0.256614
v 0.391084 0.130165 0.256311
v 0.393832 0.130165 0.255887
v 0.396564 0.130165 0.255342
v 0.399275 0.130165 0.254675
v 0.401955 0.130165 0.253889
v 0.404591 0.130165 0.252989
v 0.407180 0.130165 0.251976
v 0.409719 0.130165 0.250851
v 0.412204 0.130165 0.249618
v 0.414631 0.130165 0.248279
v 0.416997 0.130165 0.246834
v 0.419299 0.130165 0.245286
v 0.421533 0.130165 0.243638
v 0.423696 0.130165 0.241891
v 0.425784 0.130165 0.240047
v 0.427794 0.130165 0.238109
v 0.431536 0.130165 0.234368
v 0.441882 0.130165 0.224024
v 0.457510 0.130165 0.208399
v 0.477101 0.130165 0.188812
v 0.499333 0.130165 0.166585
v 0.522886 0.130165 0.143037
v 0.546438 0.130165 0.119489
v 0.568671 0.130165 0.097262
v 0.588261 0.130165 0.077675
v 0.603890 0.130165 0.062050
v 0.614235 0.130165 0.051707
v 0.617977 0.130165 0.047966
v 0.617977 0.130165 0.047966
v 0.619354 0.130165 0.046407
v 0.620685 0.130165 0.044811
v 0.621968 0.130165 0.043179
v 0.623204 0.130165 0.041512
v 0.624392 0.130165 0.039811
v 0.625530 0.130165 0.038078
v 0.626618 0.130165 0.036313
v 0.627656 0.130165 0.034517
v 0.628643 0.130165 0.032692
v 0.629578 0.130165 0.030838
v 0.630461 0.130165 0.028957
v 0.631290 0.130165 0.027050
v 0.632095 0.130165 0.025141
v 0.632831 0.130165 0.023208
v 0.633500 0.130165 0.021252
v 0.634099 0.130165 0.019277
v 0.634630 0.130165 0.017283
v 0.635091 0.130165 0.015273
v 0.635482 0.130165 0.013248
v 0.635803 0.130165 0.011210
v 0.636053 0.130165 0.009161
v 0.636233 0.130165 0.007102
v 0.636341 0.130165 0.005037
v 0.636377 0.130165 0.002965
v 0.636340 0.130165 0.000894
v 0.636233 0.130165 -0.001172
v 0.636053 0.130165 -0.003231
v 0.635803 0.130165 -0.005280
v 0.635482 0.130165 -0.007318
v 0.635091 0.130165 -0.009343
v 0.634630 0.130165 -0.011353
v 0.634099 0.130165 -0.013347
v 0.633500 0.130165 -0.015322
v 0.632831 0.130165 -0.017277
v 0.632095 0.130165 -0.019210
v 0.631290 -0.071994 -0.021120
v 0.630461 -0.071994 -0.023027
v 0.629578 -0.071994 -0.024908
v 0.628643 -0.071994 -0.026762
v 0.627656 -0.071994 -0.028587
v 0.626618 -0.071994 -0.030383
v 0.625530 -0.071994 -0.032148
v 0.624392 -0.071994 -0.033881
v 0.623204 -0.071994 -0.035582
v 0.621968 -0.071994 -0.037248
v 0.620685 -0.071994 -0.038880
v 0.619354 -0.071994 -0.040477
v 0.617977 -0.071994 -0.042035
v 0.443507 0.130165 0.060085
v 0.443507 0.130165 0.060085
v 0.443507 0.130165 0.060085
v 0.443507 0.130165 0.060085
v 0.443507 0.130165 0.060085
v 0.443507 0.130165 0.060085
v 0.443507 0.130165 0.060085
v 0.443507 0.130165 0.060085
v 0.443507 0.130165 0.060085
v 0.443507 0.130165 0.060085
v 0.443507 0.130165 0.060085
v 0.443507 0.130165 0.060085
v 0.427794 -0.071994 -0.232179
v 0.424693 -0.071994 -0.234999
v 0.421436 -0.071994 -0.237604
v 0.418033 -0.071994 -0.239988
v 0.414496 -0.071994 -0.242145
v 0.410836 -0.071994 -0.244070
v 0.407067 -0.071994 -0.245757
v 0.403198 -0.071994 -0.247201
v 0.399243 -0.071994 -0.248394
v 0.395212 -0.071994 -0.249333
v 0.391117 -0.071994 -0.250010
v 0.386971 -0.071994 -0.250421
v 0.382784 -0.071994 -0.250559
v 0.378597 -0.071994 -0.250421
v 0.374451 -0.071994 -0.250009
v 0.370359 -0.071994 -0.249330
v 0.366332 -0.071994 -0.248388
v 0.362383 -0.071994 -0.247187
v 0.358524 -0.071994 -0.245735
v 0.354768 -0.071994 -0.244034
v 0.351127 -0.071994 -0.242091
v 0.347613 -0.071994 -0.239910
v 0.344238 -0.071994 -0.237498
v 0.341016 -0.071994 -0.234857
v 0.337957 -0.071994 -0.231995
v 0.335094 -0.071994 -0.228938
v 0.332454 -0.071994 -0.225716
v 0.330040 -0.071994 -0.222342
v 0.327860 -0.071994 -0.218829
v 0.325916 -0.071994 -0.215188
v 0.324215 -0.071994 -0.211433
v 0.322762 -0.071994 -0.207575
v 0.321561 -0.071994 -0.203627
v 0.320619 -0.071994 -0.199601
v 0.319939 -0.071994 -0.195509
v 0.319528 -0.071994 -0.191364
v 0.319389 -0.071994 -0.187178
v 0.319528 -0.071994 -0.182992
v 0.319939 -0.071994 -0.178847
v 0.320619 -0.071994 -0.174755
v 0.321561 -0.071994 -0.170729
v 0.322762 -0.071994 -0.166781
v 0.324215 -0.071994 -0.162923
v 0.325916 -0.071994 -0.159168
v 0.327860 -0.071994 -0.155527
v 0.330040 -0.071994 -0.152014
v 0.332454 -0.071994 -0.148640
v 0.335094 -0.071994 -0.145418
v 0.337957 -0.071994 -0.142361
v 0.339575 -0.071994 -0.140749
v 0.344048 -0.071994 -0.136291
v 0.350806 -0.071994 -0.129557
v 0.359276 -0.071994 -0.121116
v 0.368888 -0.071994 -0.111537
v 0.379072 -0.071994 -0.101388
v 0.389256 -0.071994 -0.091240
v 0.398868 -0.071994 -0.081661
v 0.407338 -0.071994 -0.073220
v 0.414096 -0.071994 -0.066486
v 0.418569 -0.071994 -0.062028
v 0.420187 -0.071994 -0.060416
v 0.065812 -0.071994 -0.060416
v 0.065812 -0.071994 -0.414716
v 0.147591 -0.071994 -0.332321
v 0.149600 -0.071994 -0.330382
v 0.151688 -0.071994 -0.328538
v 0.153851 -0.071994 -0.326791
v 0.156085 -0.071994 -0.325143
v 0.158387 -0.071994 -0.323596
v 0.160753 -0.071994 -0.322151
v 0.163181 -0.071994 -0.320811
v 0.165665 -0.071994 -0.319578
v 0.168204 -0.071994 -0.318454
v 0.170793 -0.071994 -0.317441
v 0.173430 -0.071994 -0.316540
v 0.176109 -0.071994 -0.315755
v 0.178821 -0.071994 -0.315088
v 0.181553 -0.071994 -0.314543
v 0.184301 -0.071994 -0.314118
v 0.187061 -0.071994 -0.313815
v 0.189829 -0.071994 -0.313633
v 0.192601 -0.071994 -0.313573
v 0.195373 -0.071994 -0.313633
v 0.198141 -0.071994 -0.313815
v 0.200901 -0.071994 -0.314118
v 0.203649 -0.071994 -0.314543
v 0.206380 -0.071994 -0.315088
v 0.209092 -0.071994 -0.315755
v 0.211772 -0.071994 -0.316540
v 0.214408 -0.071994 -0.317441
v 0.216997 -0.071994 -0.318454
v 0.219536 -0.071994 -0.319578
v 0.222021 -0.071994 -0.320811
v 0.224448 -0.071994 -0.322151
v 0.226814 -0.071994 -0.323596
v 0.229116 -0.071994 -0.325143
v 0.231350 -0.071994 -0.326791
v 0.233513 -0.071994 -0.328538
v 0.235601 -0.071994 -0.330382
v 0.237611 -0.071994 -0.332321
v 0.239550 -0.071994 -0.334330
v 0.241394 -0.071994 -0.336417
v 0.243141 -0.071994 -0.338580
v 0.244790 -0.071994 -0.340813
v 0.246338 -0.071994 -0.343115
v 0.247782 -0.071994 -0.345481
v 0.249123 -0.071994 -0.347907
v 0.250356 -0.071994 -0.350392
v 0.251480 -0.071994 -0.352930
v 0.252494 -0.071994 -0.355518
v 0.253394 -0.071994 -0.358154
v 0.254180 -0.071994 -0.360833
v 0.254847 -0.071994 -0.363545
v 0.255393 -0.071994 -0.366276
v 0.255817 -0.071994 -0.369023
v 0.256120 -0.071994 -0.371782
v 0.256302 -0.071994 -0.374550
v 0.256363 -0.071994 -0.377321
v 0.256302 -0.071994 -0.380093
v 0.256120 -0.071994 -0.382860
v 0.255817 -0.071994 -0.385619
v 0.255393 -0.071994 -0.388367
v 0.254847 -0.071994 -0.391098
v 0.254180 -0.071994 -0.393809
v 0.253394 -0.071994 -0.396488
v 0.252494 -0.071994 -0.399124
v 0.251480 -0.071994 -0.401713
v 0.250356 -0.071994 -0.404251
v 0.249123 -0.071994 -0.406735
v 0.247782 -0.071994 -0.409162
v 0.246338 -0.071994 -0.411528
v 0.244790 -0.071994 -0.413829
v 0.243141 -0.071994 -0.416063
v 0.241394 -0.071994 -0.418225
v 0.239550 -0.071994 -0.420312
v 0.237611 -0.071994 -0.422322
v 0.233869 -0.071994 -0.426063
v 0.223523 -0.071994 -0.436406
v 0.207895 -0.071994 -0.452032
v 0.188304 -0.071994 -0.471618
v 0.166072 -0.071994 -0.493846
v 0.142519 -0.071994 -0.517393
v 0.118966 -0.071994 -0.540941
v 0.096734 -0.071994 -0.563168
v 0.077143 -0.071994 -0.582755
v 0.061515 -0.071994 -0.598380
v 0.051169 -0.071994 -0.608723
v 0.047427 -0.071994 -0.612465
v -0.054726 0.130165 -0.438014
v 0.045868 -0.071994 -0.613842
v 0.044272 -0.071994 -0.615172
v 0.042639 -0.071994 -0.616455
v 0.040972 -0.071994 -0.617691
v 0.039271 -0.071994 -0.618878
v 0.037537 -0.071994 -0.620016
v 0.035772 -0.071994 -0.621104
v 0.033976 -0.071994 -0.622142
v 0.032150 -0.071994 -0.623128
v 0.030296 -0.071994 -0.624063
v 0.028415 -0.071994 -0.624946
v 0.026507 -0.071994 -0.625775
v 0.024597 -0.071994 -0.626580
v 0.022664 -0.071994 -0.627316
v 0.020708 -0.071994 -0.627984
v 0.018733 -0.071994 -0.628584
v 0.016738 -0.071994 -0.629114
v 0.014728 -0.071994 -0.629575
v 0.012702 -0.071994 -0.629966
v 0.010664 -0.071994 -0.630287
v 0.008614 -0.071994 -0.630537
v 0.006555 -0.071994 -0.630717
v 0.004489 -0.071994 -0.630824
v 0.002417 -0.071994 -0.630860
v 0.000345 -0.071994 -0.630824
v -0.001721 -0.071994 -0.630717
v -0.003780 -0.071994 -0.630537
v -0.005829 -0.071994 -0.630287
v -0.007868 -0.071994 -0.629966
v -0.009893 -0.071994 -0.629575
v -0.011904 -0.071994 -0.629114
v -0.013898 -0.071994 -0.628584
v -0.015874 -0.071994 -0.627984
v -0.017830 -0.071994 -0.627316
v -0.019763 -0.071994 -0.626579
v -0.021673 -0.071994 -0.625775
v -0.023580 -0.071994 -0.624946
v -0.025462 -0.071994 -0.624063
v -0.027316 -0.071994 -0.623129
v -0.029142 -0.071994 -0.622142
v -0.030938 -0.071994 -0.621104
v -0.032703 -0.071994 -0.620016
v -0.034437 -0.071994 -0.618878
v -0.036138 -0.071994 -0.617691
v -0.037805 -0.071994 -0.616455
v -0.039437 -0.071994 -0.615172
v -0.041034 -0.071994 -0.613842
v -0.042593 -0.071994 -0.612465
v -0.135880 0.130165 -0.433117
v -0.135880 0.130165 -0.433117
v -0.135880 0.130165 -0.433117
v -0.135880 0.130165 -0.433117
v -0.135880 0.130165 -0.433117
v -0.135880 0.130165 -0.433117
v -0.135880 0.130165 -0.433117
v -0.135880 0.130165 -0.433117
v -0.135880 0.130165 -0.433117
v -0.135880 0.130165 -0.433117
v -0.135880 0.130165 -0.433117
v -0.135880 0.130165 -0.433117
v -0.232776 -0.071994 -0.422322
v -0.235597 -0.071994 -0.419222
v -0.238202 -0.071994 -0.415965
v -0.240587 -0.071994 -0.412562
v -0.242745 -0.071994 -0.409026
v -0.244671 -0.071994 -0.405368
v -0.246358 -0.071994 -0.401599
v -0.247802 -0.071994 -0.397731
v -0.248996 -0.071994 -0.393777
v -0.249934 -0.071994 -0.389747
v -0.250612 -0.071994 -0.385653
v -0.251022 -0.071994 -0.381507
v -0.251161 -0.071994 -0.377321
v -0.251022 -0.071994 -0.373135
v -0.250611 -0.071994 -0.368990
v -0.249931 -0.071994 -0.364899
v -0.248989 -0.071994 -0.360872
v -0.247788 -0.071994 -0.356924
v -0.246335 -0.071994 -0.353066
v -0.244634 -0.071994 -0.349311
v -0.242691 -0.071994 -0.345671
v -0.240510 -0.071994 -0.342157
v -0.238096 -0.071994 -0.338784
v -0.235456 -0.071994 -0.335562
v -0.232593 -0.071994 -0.332504
v -0.229534 -0.071994 -0.329642
v -0.226312 -0.071994 -0.327002
v -0.222937 -0.071994 -0.324589
v -0.219424 -0.071994 -0.322408
v -0.215782 -0.071994 -0.320465
v -0.212026 -0.071994 -0.318765
v -0.208167 -0.071994 -0.317312
v -0.204219 -0.071994 -0.316112
v -0.200192 -0.071994 -0.315169
v -0.196099 -0.071994 -0.314490
v -0.191953 -0.071994 -0.314079
v -0.187766 -0.071994 -0.313940
v -0.183579 -0.071994 -0.314079
v -0.179433 -0.071994 -0.314490
v -0.175341 -0.071994 -0.315169
v -0.171314 -0.071994 -0.316112
v -0.167365 -0.071994 -0.317312
v -0.163506 -0.071994 -0.318765
v -0.159750 -0.071994 -0.320465
v -0.156109 -0.071994 -0.322408
v -0.152595 -0.071994 -0.324589
v -0.149221 -0.071994 -0.327002
v -0.145998 -0.071994 -0.329642
v -0.142940 -0.071994 -0.332504
v -0.141327 -0.071994 -0.334122
v -0.136868 -0.071994 -0.338594
v -0.130133 -0.071994 -0.345350
v -0.121690 -0.071994 -0.353818
v -0.112109 -0.071994 -0.363429
v -0.101958 -0.071994 -0.373610
v -0.091808 -0.071994 -0.383791
v -0.082227 -0.071994 -0.393402
v -0.073784 -0.071994 -0.401870
v -0.067048 -0.071994 -0.408626
v -0.062590 -0.071994 -0.413099
v -0.060977 -0.071994 -0.414716
v -0.060977 -0.071994 -0.060416
v -0.415352 -0.071994 -0.060416
v -0.332939 -0.071994 -0.142178
v -0.330119 -0.071994 -0.145277
v -0.327513 -0.071994 -0.148534
v -0.325129 -0.071994 -0.151937
v -0.322971 -0.071994 -0.155473
v -0.321045 -0.071994 -0.159132
v -0.319358 -0.071994 -0.162900
v -0.317914 -0.071994 -0.166768
v -0.316720 -0.071994 -0.170723
v -0.315782 -0.071994 -0.174753
v -0.315104 -0.071994 -0.178846
v -0.314693 -0.071994 -0.182992
v -0.314555 -0.071994 -0.187178
v -0.314693 -0.071994 -0.191364
v -0.315105 -0.071994 -0.195509
v -0.315785 -0.071994 -0.199601
v -0.316727 -0.071994 -0.203627
v -0.317928 -0.071994 -0.207575
v -0.319381 -0.071994 -0.211433
v -0.321082 -0.071994 -0.215189
v -0.323025 -0.071994 -0.218829
v -0.325206 -0.071994 -0.222342
v -0.327620 -0.071994 -0.225716
v -0.330260 -0.071994 -0.228938
v -0.333123 -0.071994 -0.231995
v -0.336181 -0.071994 -0.234857
v -0.339404 -0.071994 -0.237498
v -0.342778 -0.071994 -0.239910
v -0.346292 -0.071994 -0.242091
v -0.349933 -0.071994 -0.244034
v -0.353690 -0.071994 -0.245735
v -0.357548 -0.071994 -0.247187
v -0.361497 -0.071994 -0.248388
v -0.365524 -0.071994 -0.249330
v -0.369617 -0.071994 -0.250009
v -0.373763 -0.071994 -0.250421
v -0.377950 -0.071994 -0.250559
v -0.382136 -0.071994 -0.250421
v -0.386282 -0.071994 -0.250009
v -0.390375 -0.071994 -0.249330
v -0.394402 -0.071994 -0.248388
v -0.398351 -0.071994 -0.247187
v -0.402210 -0.071994 -0.245735
v -0.405966 -0.071994 -0.244034
v -0.409607 -0.071994 -0.242091
v -0.413121 -0.071994 -0.239910
v -0.416495 -0.071994 -0.237498
v -0.419718 -0.071994 -0.234857
v -0.422776 -0.071994 -0.231995
v -0.426522 -0.071994 -0.228258
v -0.436877 -0.071994 -0.217924
v -0.452521 -0.071994 -0.202314
v -0.472131 -0.071994 -0.182747
v -0.494384 -0.071994 -0.160541
v -0.517960 -0.071994 -0.137015
v -0.541535 -0.071994 -0.113490
v -0.563789 -0.071994 -0.091284
v -0.583398 -0.071994 -0.071717
v -0.599042 -0.071994 -0.056107
v -0.609397 -0.071994 -0.045773
v -0.613143 -0.071994 -0.042035
v -0.648997 0.130165 0.156919
v -0.614520 -0.071994 -0.040476
v -0.615851 -0.071994 -0.038880
v -0.617134 -0.071994 -0.037248
v -0.618370 -0.071994 -0.035582
v -0.619557 -0.071994 -0.033881
v -0.620695 -0.071994 -0.032148
v -0.621784 -0.071994 -0.030383
v -0.622822 -0.071994 -0.028587
v -0.623809 -0.071994 -0.026762
v -0.624744 -0.071994 -0.024908
v -0.625626 -0.071994 -0.023027
v -0.626456 -0.071994 -0.021120
v -0.627260 -0.071994 -0.019210
v -0.627997 -0.071994 -0.017277
v -0.628665 -0.071994 -0.015322
v -0.629265 -0.071994 -0.013347
v -0.629796 -0.071994 -0.011353
v -0.630257 -0.071994 -0.009343
v -0.630648 -0.071994 -0.007318
v -0.630969 -0.071994 -0.005280
v -0.631219 -0.071994 -0.003231
v -0.631398 -0.071994 -0.001172
v -0.631506 -0.071994 0.000894
v -0.631542 -0.071994 0.002965
v -0.631506 -0.071994 0.005037
v -0.631398 -0.071994 0.007102
v -0.631219 -0.071994 0.009161
v -0.630969 -0.071994 0.011210
v -0.630648 -0.071994 0.013248
v -0.630257 -0.071994 0.015273
v -0.629796 -0.071994 0.017283
v -0.629265 -0.071994 0.019277
v -0.628665 -0.071994 0.021252
v -0.627997 -0.071994 0.023208
v -0.627260 -0.071994 0.025141
v -0.626456 -0.071994 0.027050
v -0.625626 -0.071994 0.028957
v -0.624744 -0.071994 0.030838
v -0.623809 -0.071994 0.032692
v -0.622822 -0.071994 0.034517
v -0.621784 -0.071994 0.036313
v -0.620695 -0.071994 0.038078
v -0.619557 -0.071994 0.039811
v -0.618370 -0.071994 0.041512
v -0.617134 -0.071994 0.043179
v -0.615850 -0.071994 0.044811
v -0.614520 -0.071994 0.046407
v -0.613143 -0.071994 0.047966
v -0.653338 0.130165 0.246089
v -0.653338 0.130165 0.246089
v -0.653338 0.130165 0.246089
v -0.653338 0.130165 0.246089
v -0.653338 0.130165 0.246089
v -0.653338 0.130165 0.246089
v -0.653338 0.130165 0.246089
v -0.653338 0.130165 0.246089
v -0.653338 0.130165 0.246089
v -0.653338 0.130165 0.246089
v -0.653338 0.130165 0.246089
v -0.653338 0.130165 0.246089
v -0.422960 -0.071994 0.238109
v -0.420950 -0.071994 0.240047
v -0.418862 -0.071994 0.241891
v -0.416699 -0.071994 0.243638
v -0.414465 -0.071994 0.245286
v -0.412163 -0.071994 0.246834
v -0.409797 -0.071994 0.248279
v -0.407369 -0.071994 0.249618
v -0.404885 -0.071994 0.250851
v -0.402346 -0.071994 0.251976
v -0.399757 -0.071994 0.252989
v -0.397121 -0.071994 0.253889
v -0.394441 -0.071994 0.254675
v -0.391729 -0.071994 0.255342
v -0.388997 -0.071994 0.255887
v -0.386249 -0.071994 0.256311
v -0.383489 -0.071994 0.256614
v -0.380722 -0.071994 0.256796
v -0.377950 -0.071994 0.256857
v -0.375178 -0.071994 0.256796
v -0.372410 -0.071994 0.256614
v -0.369650 -0.071994 0.256311
v -0.366902 -0.071994 0.255887
v -0.364170 -0.071994 0.255342
v -0.361458 -0.071994 0.254675
v -0.358778 -0.071994 0.253889
v -0.356142 -0.071994 0.252989
v -0.353553 -0.071994 0.251976
v -0.351014 -0.071994 0.250851
v -0.348530 -0.071994 0.249618
v -0.346102 -0.071994 0.248279
v -0.343736 -0.071994 0.246834
v -0.341434 -0.071994 0.245286
v -0.339200 -0.071994 0.243638
v -0.337037 -0.071994 0.241891
v -0.334949 -0.071994 0.240047
v -0.332939 -0.071994 0.238109
v -0.331001 -0.071994 0.236100
v -0.329156 -0.071994 0.234012
v -0.327409 -0.071994 0.231850
v -0.325760 -0.071994 0.229616
v -0.324213 -0.071994 0.227315
v -0.322768 -0.071994 0.224949
v -0.321428 -0.071994 0.222522
v -0.320194 -0.071994 0.220038
v -0.319070 -0.071994 0.217500
v -0.318056 -0.071994 0.214911
v -0.317156 -0.071994 0.212275
v -0.316370 -0.071994 0.209596
v -0.315703 -0.071994 0.206885
v -0.315158 -0.071994 0.204154
v -0.314733 -0.071994 0.201406
v -0.314430 -0.071994 0.198647
v -0.314248 -0.071994 0.195880
v -0.314187 -0.071994 0.193108
v -0.314248 -0.071994 0.190337
v -0.314430 -0.071994 0.187570
v -0.314733 -0.071994 0.184810
v -0.315158 -0.071994 0.182063
v -0.315703 -0.071994 0.179332
v -0.316370 -0.071994 0.176620
v -0.317156 -0.071994 0.173941
v -0.318056 -0.071994 0.171306
v -0.319070 -0.071994 0.168717
v -0.320194 -0.071994 0.166179
v -0.321428 -0.071994 0.163695
v -0.322768 -0.071994 0.161268
v -0.324213 -0.071994 0.158902
v -0.325760 -0.071994 0.156601
v -0.327409 -0.071994 0.154367
v -0.329156 -0.071994 0.152205
v -0.331001 -0.071994 0.150117
v -0.332939 -0.071994 0.148108
v -0.334561 -0.071994 0.146499
v -0.339044 -0.071994 0.142051
v -0.345816 -0.071994 0.135333
v -0.354306 -0.071994 0.126910
v -0.363940 -0.071994 0.117353
v -0.374146 -0.071994 0.107227
v -0.384352 -0.071994 0.097101
v -0.393986 -0.071994 0.087544
v -0.402475 -0.071994 0.079122
v -0.409248 -0.071994 0.072403
v -0.413731 -0.071994 0.067955
v -0.415352 -0.071994 0.066346
v -0.060977 -0.071994 0.066346
v -0.060977 -0.071994 0.420646
v -0.142756 -0.071994 0.338251
v -0.145857 -0.071994 0.335431
v -0.149114 -0.071994 0.332826
v -0.152517 -0.071994 0.330442
v -0.156054 -0.071994 0.328284
v -0.159714 -0.071994 0.326359
v -0.163483 -0.071994 0.324672
v -0.167352 -0.071994 0.323229
v -0.171307 -0.071994 0.322035
v -0.175338 -0.071994 0.321097
v -0.179432 -0.071994 0.320419
v -0.183579 -0.071994 0.320009
v -0.187766 -0.071994 0.319870
v -0.191953 -0.071994 0.320009
v -0.196099 -0.071994 0.320420
v -0.200192 -0.071994 0.321100
v -0.204219 -0.071994 0.322042
v -0.208167 -0.071994 0.323242
v -0.212026 -0.071994 0.324695
v -0.215782 -0.071994 0.326396
v -0.219424 -0.071994 0.328339
v -0.222937 -0.071994 0.330519
v -0.226312 -0.071994 0.332932
v -0.229534 -0.071994 0.335572
v -0.232593 -0.071994 0.338434
v -0.235456 -0.071994 0.341492
v -0.238096 -0.071994 0.344714
v -0.240510 -0.071994 0.348088
v -0.242691 -0.071994 0.351601
v -0.244634 -0.071994 0.355241
v -0.246335 -0.071994 0.358997
v -0.247788 -0.071994 0.362855
v -0.248989 -0.071994 0.366803
v -0.249931 -0.071994 0.370829
v -0.250611 -0.071994 0.374920
v -0.251022 -0.071994 0.379066
v -0.251161 -0.071994 0.383252
v -0.251022 -0.071994 0.387438
v -0.250611 -0.071994 0.391583
v -0.249931 -0.071994 0.395674
v -0.248989 -0.071994 0.399700
v -0.247788 -0.071994 0.403648
v -0.246335 -0.071994 0.407506
v -0.244634 -0.071994 0.411262
v -0.242691 -0.071994 0.414902
v -0.240510 -0.071994 0.418415
v -0.238096 -0.071994 0.421789
v -0.235456 -0.071994 0.425011
v -0.232593 -0.071994 0.428069
v -0.228854 -0.071994 0.431814
v -0.218519 -0.071994 0.442167
v -0.202905 -0.071994 0.457807
v -0.183334 -0.071994 0.477413
v -0.161123 -0.071994 0.499661
v -0.137593 -0.071994 0.523232
v -0.114063 -0.071994 0.546802
v -0.091852 -0.071994 0.569051
v -0.072280 -0.071994 0.588657
v -0.056667 -0.071994 0.604297
v -0.046331 -0.071994 0.614650
v -0.042593 -0.071994 0.618395
v -0.240719 0.130165 0.658574
v -0.041034 -0.071994 0.619772
v -0.039437 -0.071994 0.621102
v -0.037805 -0.071994 0.622385
v -0.036138 -0.071994 0.623621
v -0.034437 -0.071994 0.624808
v -0.032703 -0.071994 0.625946
v -0.030937 -0.071994 0.627034
v -0.029141 -0.071994 0.628072
v -0.027316 -0.071994 0.629059
v -0.025462 -0.071994 0.629994
v -0.023580 -0.071994 0.630876
v -0.021673 -0.071994 0.631705
v -0.019763 -0.071994 0.632510
v -0.017830 -0.071994 0.633246
v -0.015874 -0.071994 0.633914
v -0.013898 -0.071994 0.634514
v -0.011904 -0.071994 0.635044
v -0.009893 -0.071994 0.635505
v -0.007868 -0.071994 0.635896
v -0.005829 -0.071994 0.636217
v -0.003780 -0.071994 0.636468
v -0.001721 -0.071994 0.636647
v 0.000345 -0.071994 0.636755
v 0.002417 -0.071994 0.636791
v 0.004489 -0.071994 0.636755
v 0.006555 -0.071994 0.636647
v 0.008614 -0.071994 0.636468
v 0.010664 -0.071994 0.636217
v 0.012702 -0.071994 0.635896
v 0.014728 -0.071994 0.635505
v 0.016738 -0.071994 0.635044
v 0.018733 -0.071994 0.634514
v 0.020708 -0.071994 0.633914
v 0.022664 -0.071994 0.633246
v 0.024597 -0.071994 0.632510
v 0.026507 -0.071994 0.631705
v 0.028415 -0.071994 0.630876
v 0.030296 -0.071994 0.629994
v 0.032150 -0.071994 0.629059
v 0.033976 -0.071994 0.628072
v 0.035772 -0.071994 0.627034
v 0.037537 -0.071994 0.625946
v 0.039271 -0.071994 0.624808
v 0.040972 -0.071994 0.623621
v 0.042639 -0.071994 0.622385
v 0.044272 -0.071994 0.621102
v 0.045868 -0.071994 0.619772
v 0.047427 -0.071994 0.618395
v -0.151530 0.130165 0.654234
v -0.151530 0.130165 0.654234
v -0.151530 0.130165 0.654234
v -0.151530 0.130165 0.654234
v -0.151530 0.130165 0.654234
v -0.151530 0.130165 0.654234
v -0.151530 0.130165 0.654234
v -0.151530 0.130165 0.654234
v -0.151530 0.130165 0.654234
v -0.151530 0.130165 0.654234
v -0.151530 0.130165 0.654234
v -0.151530 0.130165 0.654234
v 0.237611 -0.071994 0.428252
v 0.240431 -0.071994 0.425152
v 0.243037 -0.071994 0.421895
v 0.245421 -0.071994 0.418493
v 0.247579 -0.071994 0.414956
v 0.249505 -0.071994 0.411298
v 0.251192 -0.071994 0.407529
v 0.252636 -0.071994 0.403662
v 0.253830 -0.071994 0.399707
v 0.254769 -0.071994 0.395677
v 0.255446 -0.071994 0.391583
v 0.255857 -0.071994 0.387438
v 0.255995 -0.071994 0.383252
v 0.255857 -0.071994 0.379066
v 0.255445 -0.071994 0.374920
v 0.254766 -0.071994 0.370829
v 0.253823 -0.071994 0.366803
v 0.252623 -0.071994 0.362855
v 0.251169 -0.071994 0.358997
v 0.249469 -0.071994 0.355241
v 0.247525 -0.071994 0.351601
v 0.245344 -0.071994 0.348088
v 0.242931 -0.071994 0.344714
v 0.240290 -0.071994 0.341492
v 0.237427 -0.071994 0.338434
v 0.234369 -0.071994 0.335572
v 0.231146 -0.071994 0.332932
v 0.227772 -0.071994 0.330519
v 0.224258 -0.071994 0.328339
v 0.220617 -0.071994 0.326396
v 0.216861 -0.071994 0.324695
v 0.213002 -0.071994 0.323242
v 0.209053 -0.071994 0.322042
v 0.205026 -0.071994 0.321100
v 0.200934 -0.071994 0.320420
v 0.196788 -0.071994 0.320009
v 0.192601 -0.071994 0.319870
v 0.188414 -0.071994 0.320009
v 0.184268 -0.071994 0.320420
v 0.180175 -0.071994 0.321100
v 0.176148 -0.071994 0.322042
v 0.172199 -0.071994 0.323242
v 0.168341 -0.071994 0.324695
v 0.164585 -0.071994 0.326396
v 0.160943 -0.071994 0.328339
v 0.157429 -0.071994 0.330519
v 0.154055 -0.071994 0.332932
v 0.150832 -0.071994 0.335572
v 0.147774 -0.071994 0.338434
v 0.146161 -0.071994 0.340052
v 0.141703 -0.071994 0.344524
v 0.134967 -0.071994 0.351280
v 0.126525 -0.071994 0.359749
v 0.116943 -0.071994 0.369359
v 0.106793 -0.071994 0.379540
v 0.096642 -0.071994 0.389722
v 0.087061 -0.071994 0.399332
v 0.078618 -0.071994 0.407801
v 0.071883 -0.071994 0.414557
v 0.067424 -0.071994 0.419029
v 0.065812 -0.071994 0.420646
v 0.065812 -0.071994 0.066346
v 0.420187 -0.071994 0.066346
v 0.337774 -0.071994 0.148108
v 0.335835 -0.071994 0.150117
v 0.333991 -0.071994 0.152205
v 0.332243 -0.071994 0.154367
v 0.330595 -0.071994 0.156601
v 0.329047 -0.071994 0.158902
v 0.327602 -0.071994 0.161268
v 0.326262 -0.071994 0.163695
v 0.325029 -0.071994 0.166179
v 0.323904 -0.071994 0.168717
v 0.322891 -0.071994 0.171306
v 0.321990 -0.071994 0.173941
v 0.321205 -0.071994 0.176620
v 0.320538 -0.071994 0.179332
v 0.319992 -0.071994 0.182063
v 0.319567 -0.071994 0.184810
v 0.319264 -0.071994 0.187570
v 0.319082 -0.071994 0.190337
v 0.319022 -0.071994 0.193108
v 0.319082 -0.071994 0.195880
v 0.319264 -0.071994 0.198647
v 0.319567 -0.071994 0.201406
v 0.319992 -0.071994 0.204154
v 0.320538 -0.071994 0.206885
v 0.321205 -0.071994 0.209596
v 0.321990 -0.071994 0.212275
v 0.322891 -0.071994 0.214911
v 0.323904 -0.071994 0.217500
v 0.325029 -0.071994 0.220038
v 0.326262 -0.071994 0.222522
v 0.327602 -0.071994 0.224949
v 0.329047 -0.071994 0.227315
v 0.330595 -0.071994 0.229616
v 0.332243 -0.071994 0.231850
v 0.333991 -0.071994 0.234012
v 0.335835 -0.071994 0.236100
v 0.337774 -0.071994 0.238109
v 0.339784 -0.071994 0.240047
v 0.341872 -0.071994 0.241891
v 0.344034 -0.071994 0.243638
v 0.346269 -0.071994 0.245286
v 0.348571 -0.071994 0.246834
v 0.350937 -0.071994 0.248279
v 0.353364 -0.071994 0.249618
v 0.355849 -0.071994 0.250851
v 0.358387 -0.071994 0.251976
v 0.360977 -0.071994 0.252989
v 0.363613 -0.071994 0.253889
v 0.366292 -0.071994 0.254675
v 0.369004 -0.071994 0.255342
v 0.371736 -0.071994 0.255887
v 0.374484 -0.071994 0.256311
v 0.377244 -0.071994 0.256614
v 0.380012 -0.071994 0.256796
v 0.382784 -0.071994 0.256857
v 0.385556 -0.071994 0.256796
v 0.388324 -0.071994 0.256614
v 0.391084 -0.071994 0.256311
v 0.393832 -0.071994 0.255887
v 0.396564 -0.071994 0.255342
v 0.399275 -0.071994 0.254675
v 0.401955 -0.071994 0.253889
v 0.404591 -0.071994 0.252989
v 0.407180 -0.071994 0.251976
v 0.409719 -0.071994 0.250851
v 0.412204 -0.071994 0.249618
v 0.414631 -0.071994 0.248279
v 0.416997 -0.071994 0.246834
v 0.419299 -0.071994 0.245286
v 0.421533 -0.071994 0.243638
v 0.423696 -0.071994 0.241891
v 0.425784 -0.071994 0.240047
v 0.427794 -0.071994 0.238109
v 0.431536 -0.071994 0.234368
v 0.441882 -0.071994 0.224024
v 0.457510 -0.071994 0.208399
v 0.477101 -0.071994 0.188812
v 0.499333 -0.071994 0.166585
v 0.522886 -0.071994 0.143037
v 0.546438 -0.071994 0.119489
v 0.568671 -0.071994 0.097262
v 0.588261 -0.071994 0.077675
v 0.603890 -0.071994 0.062050
v 0.614235 -0.071994 0.051707
v 0.617977 -0.071994 0.047966
v 0.438613 0.130165 0.141222
v 0.619354 -0.071994 0.046407
v 0.620685 -0.071994 0.044811
v 0.621968 -0.071994 0.043179
v 0.623204 -0.071994 0.041512
v 0.624392 -0.071994 0.039811
v 0.625530 -0.071994 0.038078
v 0.626618 -0.071994 0.036313
v 0.627656 -0.071994 0.034517
v 0.628643 -0.071994 0.032692
v 0.629578 -0.071994 0.030838
v 0.630461 -0.071994 0.028957
v 0.631290 -0.071994 0.027050
v 0.632095 -0.071994 0.025141
v 0.632831 -0.071994 0.023208
v 0.633500 -0.071994 0.021252
v 0.634099 -0.071994 0.019277
v 0.634630 -0.071994 0.017283
v 0.635091 -0.071994 0.015273
v 0.635482 -0.071994 0.013248
v 0.635803 -0.071994 0.011210
v 0.636053 -0.071994 0.009161
v 0.636233 -0.071994 0.007102
v 0.636341 -0.071994 0.005037
v 0.636377 -0.071994 0.002965
v 0.636340 -0.071994 0.000894
v 0.636233 -0.071994 -0.001172
v 0.636053 -0.071994 -0.003231
v 0.635803 -0.071994 -0.005280
v 0.635482 -0.071994 -0.007318
v 0.635091 -0.071994 -0.009343
v 0.634630 -0.071994 -0.011353
v 0.634099 -0.071994 -0.013347
v 0.633500 -0.071994 -0.015322
v 0.632831 -0.071994 -0.017277
v 0.632095 -0.071994 -0.019210
vn -0.0000 1.0000 -0.0000
vn -0.0000 -1.0000 -0.0000
vn -0.0174 -0.0000 -0.9998
vn 0.0173 -0.0000 -0.9998
vn 0.0521 -0.0000 -0.9986
vn -0.0521 -0.0000 -0.9986
vn 0.0867 -0.0000 -0.9962
vn -0.0867 -0.0000 -0.9962
vn 0.1212 -0.0000 -0.9926
vn -0.1212 -0.0000 -0.9926
vn 0.1555 -0.0000 -0.9878
vn -0.1555 -0.0000 -0.9878
vn 0.1896 -0.0000 -0.9819
vn -0.1896 -0.0000 -0.9819
vn 0.2234 -0.0000 -0.9747
vn -0.2234 -0.0000 -0.9747
vn 0.2570 -0.0000 -0.9664
vn -0.2570 -0.0000 -0.9664
vn 0.2903 -0.0000 -0.9569
vn -0.2903 -0.0000 -0.9569
vn 0.3234 -0.0000 -0.9463
vn -0.3234 -0.0000 -0.9463
vn 0.3560 -0.0000 -0.9345
vn -0.3560 -0.0000 -0.9345
vn 0.3883 -0.0000 -0.9216
vn -0.3882 -0.0000 -0.9216
vn -0.3986 -0.0000 -0.9171
vn 0.3987 -0.0000 -0.9171
vn -0.4246 -0.0000 -0.9054
vn 0.4246 -0.0000 -0.9054
vn -0.4502 -0.0000 -0.8929
vn 0.4502 -0.0000 -0.8929
vn -0.4755 -0.0000 -0.8797
vn 0.4755 -0.0000 -0.8797
vn -0.5003 -0.0000 -0.8658
vn 0.5003 -0.0000 -0.8658
vn -0.5247 -0.0000 -0.8513
vn 0.5248 -0.0000 -0.8513
vn -0.5487 -0.0000 -0.8360
vn 0.5487 -0.0000 -0.8360
vn -0.5723 -0.0000 -0.8200
vn 0.5723 -0.0000 -0.8201
vn -0.5954 -0.0000 -0.8034
vn 0.5954 -0.0000 -0.8034
vn -0.6180 -0.0000 -0.7862
vn 0.6180 -0.0000 -0.7862
vn -0.6402 -0.0000 -0.7682
vn 0.6402 -0.0000 -0.7682
vn -0.6619 -0.0000 -0.7496
vn 0.6618 -0.0000 -0.7497
vn -0.7070 -0.0000 -0.7072
vn 0.7071 -0.0000 -0.7072
vn 0.7070 -0.0000 -0.7072
vn -0.7396 -0.0000 -0.6730
vn 0.7196 -0.0000 -0.6944
vn 0.7494 -0.0000 -0.6621
vn -0.7809 -0.0000 -0.6247
vn 0.7778 -0.0000 -0.6285
vn 0.8046 -0.0000 -0.5938
vn -0.8189 -0.0000 -0.5739
vn 0.7082 -0.0000 0.7060
vn -1.0000 -0.0000 -0.0000
vn 1.0000 -0.0000 -0.0000
vn -0.7098 -0.0000 0.7044
vn 0.8298 -0.0000 -0.5581
vn -0.8536 -0.0000 -0.5209
vn 0.8534 -0.0000 -0.5212
vn 0.8754 -0.0000 -0.4834
vn -0.8849 -0.0000 -0.4658
vn 0.8957 -0.0000 -0.4447
vn -0.9127 -0.0000 -0.4087
vn 0.9143 -0.0000 -0.4050
vn 0.9312 -0.0000 -0.3646
vn -0.9369 -0.0000 -0.3497
vn 0.9463 -0.0000 -0.3233
vn -0.9573 -0.0000 -0.2890
vn 0.9596 -0.0000 -0.2814
vn 0.9711 -0.0000 -0.2389
vn -0.9739 -0.0000 -0.2268
vn 0.9806 -0.0000 -0.1959
vn -0.9866 -0.0000 -0.1633
vn 0.9883 -0.0000 -0.1527
vn -0.9951 -0.0000 -0.0986
vn 0.9940 -0.0000 -0.1092
vn 0.9978 -0.0000 -0.0655
vn -0.9995 -0.0000 -0.0330
vn 0.9998 -0.0000 -0.0219
vn -0.9995 -0.0000 0.0330
vn 0.9998 -0.0000 0.0219
vn 0.9978 -0.0000 0.0655
vn -0.9951 -0.0000 0.0988
vn 0.9940 -0.0000 0.1092
vn 0.9883 -0.0000 0.1527
vn -0.9865 -0.0000 0.1639
vn 0.9806 -0.0000 0.1959
vn -0.9737 -0.0000 0.2280
vn 0.9711 -0.0000 0.2389
vn -0.9568 -0.0000 0.2909
vn 0.9596 -0.0000 0.2814
vn 0.9463 -0.0000 0.3233
vn -0.9358 -0.0000 0.3525
vn 0.9312 -0.0000 0.3646
vn -0.9109 -0.0000 0.4126
vn 0.9143 -0.0000 0.4050
vn 0.8957 -0.0000 0.4447
vn -0.8822 -0.0000 0.4710
vn 0.8754 -0.0000 0.4834
vn -0.8496 -0.0000 0.5274
vn 0.8534 -0.0000 0.5212
vn 0.8298 -0.0000 0.5581
vn -0.8133 -0.0000 0.5818
vn 0.8046 -0.0000 0.5938
vn -0.7734 -0.0000 0.6339
vn 0.7778 -0.0000 0.6285
vn 0.7494 -0.0000 0.6621
vn -0.7300 -0.0000 0.6835
vn 0.7196 -0.0000 0.6944
vn -0.6833 -0.0000 0.7301
vn 0.6833 -0.0000 0.7301
vn -0.6943 -0.0000 0.7197
vn 0.6943 -0.0000 0.7197
vn -0.6619 -0.0000 0.7496
vn 0.6619 -0.0000 0.7496
vn -0.6337 -0.0000 0.7736
vn 0.6337 -0.0000 0.7736
vn -0.6284 -0.0000 0.7779
vn 0.6284 -0.0000 0.7779
vn -0.5816 -0.0000 0.8134
vn 0.5816 -0.0000 0.8134
vn -0.5937 -0.0000 0.8047
vn 0.5937 -0.0000 0.8047
vn -0.5579 -0.0000 0.8299
vn 0.5579 -0.0000 0.8299
vn -0.5273 -0.0000 0.8497
vn 0.5273 -0.0000 0.8497
vn -0.5211 -0.0000 0.8535
vn 0.5211 -0.0000 0.8535
vn -0.4708 -0.0000 0.8822
vn 0.4708 -0.0000 0.8822
vn -0.4832 -0.0000 0.8755
vn 0.4832 -0.0000 0.8755
vn -0.4445 -0.0000 0.8958
vn 0.4445 -0.0000 0.8958
vn -0.4124 -0.0000 0.9110
vn 0.4125 -0.0000 0.9110
vn -0.4049 -0.0000 0.9144
vn 0.4049 -0.0000 0.9144
vn -0.3524 -0.0000 0.9359
vn 0.3524 -0.0000 0.9359
vn -0.3644 -0.0000 0.9312
vn 0.3644 -0.0000 0.9312
vn -0.3232 -0.0000 0.9463
vn 0.3232 -0.0000 0.9463
vn -0.2908 -0.0000 0.9568
vn 0.2908 -0.0000 0.9568
vn -0.2813 -0.0000 0.9596
vn 0.2813 -0.0000 0.9596
vn -0.2279 -0.0000 0.9737
vn 0.2279 -0.0000 0.9737
vn -0.2388 -0.0000 0.9711
vn 0.2388 -0.0000 0.9711
vn -0.1638 -0.0000 0.9865
vn 0.1638 -0.0000 0.9865
vn -0.1958 -0.0000 0.9806
vn 0.1958 -0.0000 0.9806
vn -0.1526 -0.0000 0.9883
vn 0.1526 -0.0000 0.9883
vn -0.0987 -0.0000 0.9951
vn 0.0987 -0.0000 0.9951
vn -0.1091 -0.0000 0.9940
vn 0.1091 -0.0000 0.9940
vn -0.0330 -0.0000 0.9995
vn 0.0330 -0.0000 0.9995
vn -0.0656 -0.0000 0.9978
vn 0.0656 -0.0000 0.9978
vn -0.0219 -0.0000 0.9998
vn 0.0219 -0.0000 0.9998
vn -0.0330 -0.0000 -0.9995
vn 0.0330 -0.0000 -0.9995
vn -0.0987 -0.0000 -0.9951
vn 0.0987 -0.0000 -0.9951
vn 0.0986 -0.0000 -0.9951
vn 0.1632 -0.0000 -0.9866
vn -0.1638 -0.0000 -0.9865
vn 0.1638 -0.0000 -0.9865
vn 0.2268 -0.0000 -0.9740
vn -0.2279 -0.0000 -0.9737
vn 0.2279 -0.0000 -0.9737
vn 0.2889 -0.0000 -0.9574
vn -0.2908 -0.0000 -0.9568
vn 0.2908 -0.0000 -0.9568
vn 0.3496 -0.0000 -0.9369
vn -0.3524 -0.0000 -0.9359
vn 0.3524 -0.0000 -0.9359
vn 0.4085 -0.0000 -0.9128
vn -0.4125 -0.0000 -0.9110
vn 0.4125 -0.0000 -0.9110
vn -0.4124 -0.0000 -0.9110
vn 0.4656 -0.0000 -0.8850
vn -0.4708 -0.0000 -0.8822
vn 0.4708 -0.0000 -0.8822
vn 0.5207 -0.0000 -0.8537
vn -0.5273 -0.0000 -0.8497
vn 0.5273 -0.0000 -0.8497
vn -0.5272 -0.0000 -0.8497
vn 0.5738 -0.0000 -0.8190
vn -0.5816 -0.0000 -0.8134
vn 0.5816 -0.0000 -0.8134
vn -0.5817 -0.0000 -0.8134
vn 0.6245 -0.0000 -0.7810
vn -0.6337 -0.0000 -0.7736
vn 0.6337 -0.0000 -0.7736
vn 0.6729 -0.0000 -0.7398
vn -0.6833 -0.0000 -0.7301
vn 0.6833 -0.0000 -0.7301
vn -0.7063 -0.0000 -0.7079
vn 0.7300 -0.0000 -0.6835
vn -0.7300 -0.0000 -0.6835
vn 0.7734 -0.0000 -0.6339
vn -0.7734 -0.0000 -0.6339
vn 0.8133 -0.0000 -0.5818
vn -0.8133 -0.0000 -0.5818
vn 0.8496 -0.0000 -0.5274
vn -0.8496 -0.0000 -0.5274
vn 0.8822 -0.0000 -0.4710
vn -0.8822 -0.0000 -0.4710
vn 0.9109 -0.0000 -0.4126
vn -0.9109 -0.0000 -0.4126
vn 0.9358 -0.0000 -0.3525
vn -0.9358 -0.0000 -0.3525
vn 0.9568 -0.0000 -0.2909
vn -0.9568 -0.0000 -0.2909
vn 0.9737 -0.0000 -0.2280
vn -0.9737 -0.0000 -0.2280
vn 0.9865 -0.0000 -0.1638
vn -0.9865 -0.0000 -0.1638
vn 0.9951 -0.0000 -0.0988
vn -0.9951 -0.0000 -0.0988
vn 0.9995 -0.0000 -0.0330
vn 0.9995 -0.0000 0.0330
vn 0.9951 -0.0000 0.0986
vn -0.9865 -0.0000 0.1638
vn 0.9866 -0.0000 0.1633
vn 0.9739 -0.0000 0.2268
vn 0.9573 -0.0000 0.2890
vn 0.9369 -0.0000 0.3497
vn 0.9127 -0.0000 0.4086
vn 0.8849 -0.0000 0.4658
vn 0.8536 -0.0000 0.5209
vn 0.8189 -0.0000 0.5739
vn 0.7809 -0.0000 0.6247
vn 0.7396 -0.0000 0.6730
vn -0.7059 -0.0000 0.7083
vn 0.7043 -0.0000 0.7099
vn -0.0000 -0.0000 -1.0000
vn -0.7064 -0.0000 -0.7078
vn -0.7495 -0.0000 -0.6620
vn 0.7495 -0.0000 -0.6620
vn 0.7681 -0.0000 -0.6403
vn -0.7681 -0.0000 -0.6403
vn 0.7860 -0.0000 -0.6182
vn -0.7860 -0.0000 -0.6182
vn 0.8033 -0.0000 -0.5956
vn -0.8033 -0.0000 -0.5956
vn 0.8199 -0.0000 -0.5725
vn -0.8199 -0.0000 -0.5725
vn 0.8359 -0.0000 -0.5489
vn -0.8359 -0.0000 -0.5489
vn 0.8511 -0.0000 -0.5249
vn -0.8512 -0.0000 -0.5249
vn 0.8658 -0.0000 -0.5004
vn -0.8658 -0.0000 -0.5005
vn 0.8796 -0.0000 -0.4756
vn -0.8796 -0.0000 -0.4756
vn 0.8928 -0.0000 -0.4504
vn -0.8928 -0.0000 -0.4504
vn 0.9053 -0.0000 -0.4247
vn -0.9053 -0.0000 -0.4248
vn 0.9170 -0.0000 -0.3988
vn -0.9170 -0.0000 -0.3988
vn -0.9215 -0.0000 -0.3884
vn 0.9215 -0.0000 -0.3883
vn -0.9344 -0.0000 -0.3561
vn 0.9344 -0.0000 -0.3561
vn -0.9462 -0.0000 -0.3235
vn 0.9462 -0.0000 -0.3235
vn -0.9569 -0.0000 -0.2905
vn 0.9569 -0.0000 -0.2905
vn -0.9664 -0.0000 -0.2571
vn 0.9664 -0.0000 -0.2571
vn -0.9747 -0.0000 -0.2235
vn 0.9747 -0.0000 -0.2236
vn -0.9819 -0.0000 -0.1897
vn 0.9818 -0.0000 -0.1897
vn -0.9878 -0.0000 -0.1556
vn 0.9878 -0.0000 -0.1555
vn -0.9926 -0.0000 -0.1212
vn 0.9926 -0.0000 -0.1212
vn -0.9962 -0.0000 -0.0868
vn 0.9962 -0.0000 -0.0868
vn -0.9986 -0.0000 -0.0521
vn 0.9986 -0.0000 -0.0521
vn -0.9998 -0.0000 -0.0174
vn 0.9998 -0.0000 -0.0174
vn -0.9998 -0.0000 0.0174
vn 0.9998 -0.0000 0.0174
vn -0.9986 -0.0000 0.0521
vn 0.9986 -0.0000 0.0521
vn -0.9962 -0.0000 0.0868
vn 0.9962 -0.0000 0.0868
vn -0.9926 -0.0000 0.1212
vn 0.9926 -0.0000 0.1212
vn -0.9878 -0.0000 0.1556
vn 0.9878 -0.0000 0.1555
vn -0.9819 -0.0000 0.1897
vn 0.9818 -0.0000 0.1897
vn -0.9747 -0.0000 0.2235
vn 0.9747 -0.0000 0.2236
vn -0.9664 -0.0000 0.2571
vn 0.9664 -0.0000 0.2571
vn -0.9569 -0.0000 0.2905
vn 0.9569 -0.0000 0.2905
vn -0.9462 -0.0000 0.3235
vn 0.9463 -0.0000 0.3234
vn -0.9344 -0.0000 0.3561
vn 0.9344 -0.0000 0.3561
vn -0.9215 -0.0000 0.3884
vn 0.9215 -0.0000 0.3883
vn -0.9171 -0.0000 0.3988
vn 0.9170 -0.0000 0.3988
vn 0.9053 -0.0000 0.4247
vn -0.9053 -0.0000 0.4248
vn 0.8928 -0.0000 0.4504
vn -0.8928 -0.0000 0.4504
vn 0.8796 -0.0000 0.4756
vn -0.8796 -0.0000 0.4756
vn 0.8658 -0.0000 0.5004
vn -0.8658 -0.0000 0.5005
vn 0.8511 -0.0000 0.5249
vn -0.8512 -0.0000 0.5249
vn 0.8359 -0.0000 0.5489
vn -0.8359 -0.0000 0.5489
vn 0.8199 -0.0000 0.5725
vn -0.8199 -0.0000 0.5725
vn 0.8033 -0.0000 0.5956
vn -0.8033 -0.0000 0.5956
vn 0.7860 -0.0000 0.6182
vn -0.7860 -0.0000 0.6182
vn 0.7681 -0.0000 0.6403
vn -0.7681 -0.0000 0.6403
vn 0.7495 -0.0000 0.6620
vn -0.7495 -0.0000 0.6620
vn -0.7070 -0.0000 0.7072
vn 0.7070 -0.0000 0.7072
vn -0.0000 -0.0000 1.0000
vn 0.7043 -0.0000 -0.7099
vn -0.7043 -0.0000 -0.7099
vn -0.7196 -0.0000 -0.6944
vn -0.7494 -0.0000 -0.6621
vn -0.7778 -0.0000 -0.6285
vn -0.8046 -0.0000 -0.5939
vn -0.8298 -0.0000 -0.5580
vn -0.8534 -0.0000 -0.5212
vn -0.8754 -0.0000 -0.4834
vn -0.8957 -0.0000 -0.4446
vn -0.9143 -0.0000 -0.4050
vn -0.9312 -0.0000 -0.3646
vn -0.9463 -0.0000 -0.3233
vn -0.9596 -0.0000 -0.2814
vn -0.9711 -0.0000 -0.2389
vn -0.9806 -0.0000 -0.1959
vn -0.9883 -0.0000 -0.1527
vn -0.9940 -0.0000 -0.1092
vn -0.9978 -0.0000 -0.0656
vn 0.9978 -0.0000 -0.0656
vn -0.9998 -0.0000 -0.0218
vn -0.9998 -0.0000 0.0218
vn -0.9978 -0.0000 0.0656
vn 0.9978 -0.0000 0.0656
vn -0.9940 -0.0000 0.1092
vn -0.9883 -0.0000 0.1527
vn -0.9806 -0.0000 0.1959
vn -0.9711 -0.0000 0.2389
vn -0.9596 -0.0000 0.2814
vn -0.9463 -0.0000 0.3233
vn -0.9312 -0.0000 0.3646
vn -0.9143 -0.0000 0.4050
vn -0.8957 -0.0000 0.4446
vn -0.8754 -0.0000 0.4834
vn -0.8534 -0.0000 0.5212
vn -0.8298 -0.0000 0.5580
vn -0.8046 -0.0000 0.5939
vn -0.7778 -0.0000 0.6285
vn -0.7494 -0.0000 0.6621
vn -0.7196 -0.0000 0.6944
vn -0.6942 -0.0000 0.7197
vn 0.6942 -0.0000 0.7197
vn 0.6942 -0.0000 0.7198
vn 0.4833 -0.0000 0.8755
vn -0.4833 -0.0000 0.8755
vn 0.0985 -0.0000 -0.9951
vn 0.4124 -0.0000 -0.9110
vn 0.7098 -0.0000 -0.7044
vn -0.7082 -0.0000 -0.7060
vn -0.8822 -0.0000 -0.4709
vn 0.8822 -0.0000 -0.4709
vn 0.9737 -0.0000 -0.2279
vn -0.9865 -0.0000 -0.1639
vn 0.9995 -0.0000 0.0329
vn 0.9127 -0.0000 0.4087
vn -0.8822 -0.0000 0.4709
vn -0.7077 -0.0000 0.7065
vn -0.6618 -0.0000 0.7497
vn -0.6402 -0.0000 0.7682
vn 0.6402 -0.0000 0.7682
vn -0.6180 -0.0000 0.7862
vn 0.6180 -0.0000 0.7861
vn -0.5954 -0.0000 0.8034
vn 0.5954 -0.0000 0.8034
vn -0.5723 -0.0000 0.8200
vn 0.5723 -0.0000 0.8200
vn -0.5487 -0.0000 0.8360
vn 0.5487 -0.0000 0.8360
vn -0.5247 -0.0000 0.8513
vn 0.5247 -0.0000 0.8513
vn -0.5003 -0.0000 0.8658
vn 0.5003 -0.0000 0.8658
vn -0.4755 -0.0000 0.8797
vn 0.4755 -0.0000 0.8797
vn -0.4502 -0.0000 0.8929
vn 0.4502 -0.0000 0.8929
vn -0.4246 -0.0000 0.9054
vn 0.4246 -0.0000 0.9054
vn -0.3987 -0.0000 0.9171
vn 0.3986 -0.0000 0.9171
vn -0.3882 -0.0000 0.9216
vn 0.3882 -0.0000 0.9216
vn -0.3560 -0.0000 0.9345
vn 0.3560 -0.0000 0.9345
vn -0.3233 -0.0000 0.9463
vn 0.3233 -0.0000 0.9463
vn -0.2904 -0.0000 0.9569
vn 0.2904 -0.0000 0.9569
vn -0.2570 -0.0000 0.9664
vn 0.2571 -0.0000 0.9664
vn -0.2234 -0.0000 0.9747
vn 0.2234 -0.0000 0.9747
vn -0.1896 -0.0000 0.9819
vn 0.1896 -0.0000 0.9819
vn -0.1555 -0.0000 0.9878
vn 0.1555 -0.0000 0.9878
vn -0.1212 -0.0000 0.9926
vn 0.1212 -0.0000 0.9926
vn -0.0867 -0.0000 0.9962
vn 0.0867 -0.0000 0.9962
vn -0.0521 -0.0000 0.9986
vn 0.0521 -0.0000 0.9986
vn -0.0174 -0.0000 0.9998
vn 0.0174 -0.0000 0.9998
vt 0.244143 0.000000
vt 0.241677 0.000000
vt 0.242910 0.000000
vt 0.240444 0.000000
vt 0.245376 0.000000
vt 0.239211 0.000000
vt 0.246609 0.000000
vt 0.237978 0.000000
vt 0.247842 0.000000
vt 0.236745 0.000000
vt 0.249075 0.000000
vt 0.235512 0.000000
vt 0.250308 0.000000
vt 0.234279 0.000000
vt 0.251541 0.000000
vt 0.233046 0.000000
vt 0.252774 0.000000
vt 0.231813 0.000000
vt 0.254007 0.000000
vt 0.230580 0.000000
vt 0.255240 0.000000
vt 0.229346 0.000000
vt 0.256473 0.000000
vt 0.228113 0.000000
vt 0.257707 0.000000
vt 0.258940 0.000000
vt 0.226880 0.000000
vt 0.260173 0.000000
vt 0.225647 0.000000
vt 0.261406 0.000000
vt 0.224414 0.000000
vt 0.262639 0.000000
vt 0.223181 0.000000
vt 0.263872 0.000000
vt 0.221948 0.000000
vt 0.265105 0.000000
vt 0.220715 0.000000
vt 0.266338 0.000000
vt 0.219482 0.000000
vt 0.267571 0.000000
vt 0.218249 0.000000
vt 0.268804 0.000000
vt 0.217016 0.000000
vt 0.270037 0.000000
vt 0.215783 0.000000
vt 0.271270 0.000000
vt 0.214550 0.000000
vt 0.272503 0.000000
vt 0.212084 0.000000
vt 0.288533 0.000000
vt 0.210851 0.000000
vt 0.209618 0.000000
vt 0.208385 0.000000
vt 0.207152 0.000000
vt 0.205919 0.000000
vt 0.204686 0.000000
vt 0.203453 0.000000
vt 0.202219 0.000000
vt 0.200986 0.000000
vt 0.199753 0.000000
vt 0.198520 0.000000
vt 0.197287 0.000000
vt 0.289766 0.000000
vt 0.196054 0.000000
vt 0.194821 0.000000
vt 0.290999 0.000000
vt 0.193588 0.000000
vt 0.107275 0.000000
vt 0.192355 0.000000
vt 0.292232 0.000000
vt 0.362515 0.000000
vt 0.361282 0.000000
vt 0.363748 0.000000
vt 0.106042 0.000000
vt 0.108508 0.000000
vt 0.191122 0.000000
vt 0.360049 0.000000
vt 0.293465 0.000000
vt 0.189889 0.000000
vt 0.188656 0.000000
vt 0.294698 0.000000
vt 0.358816 0.000000
vt 0.187423 0.000000
vt 0.295931 0.000000
vt 0.186190 0.000000
vt 0.357583 0.000000
vt 0.184957 0.000000
vt 0.297164 0.000000
vt 0.183724 0.000000
vt 0.298397 0.000000
vt 0.182491 0.000000
vt 0.181258 0.000000
vt 0.299630 0.000000
vt 0.356350 0.000000
vt 0.180025 0.000000
vt 0.300863 0.000000
vt 0.178792 0.000000
vt 0.302096 0.000000
vt 0.177559 0.000000
vt 0.355117 0.000000
vt 0.176326 0.000000
vt 0.303329 0.000000
vt 0.175092 0.000000
vt 0.304562 0.000000
vt 0.173859 0.000000
vt 0.172626 0.000000
vt 0.353884 0.000000
vt 0.305795 0.000000
vt 0.171393 0.000000
vt 0.170160 0.000000
vt 0.307028 0.000000
vt 0.168927 0.000000
vt 0.308261 0.000000
vt 0.167694 0.000000
vt 0.352651 0.000000
vt 0.309494 0.000000
vt 0.166461 0.000000
vt 0.165228 0.000000
vt 0.310728 0.000000
vt 0.163995 0.000000
vt 0.351418 0.000000
vt 0.311961 0.000000
vt 0.162762 0.000000
vt 0.161529 0.000000
vt 0.313194 0.000000
vt 0.160296 0.000000
vt 0.314427 0.000000
vt 0.159063 0.000000
vt 0.350185 0.000000
vt 0.157830 0.000000
vt 0.315660 0.000000
vt 0.156597 0.000000
vt 0.316893 0.000000
vt 0.348952 0.000000
vt 0.155364 0.000000
vt 0.154131 0.000000
vt 0.318126 0.000000
vt 0.152898 0.000000
vt 0.347719 0.000000
vt 0.319359 0.000000
vt 0.346486 0.000000
vt 0.109741 0.000000
vt 0.151665 0.000000
vt 0.110974 0.000000
vt 0.150432 0.000000
vt 0.320592 0.000000
vt 0.345253 0.000000
vt 0.112207 0.000000
vt 0.149199 0.000000
vt 0.321825 0.000000
vt 0.344020 0.000000
vt 0.113440 0.000000
vt 0.147965 0.000000
vt 0.114673 0.000000
vt 0.146732 0.000000
vt 0.323058 0.000000
vt 0.342787 0.000000
vt 0.115906 0.000000
vt 0.145499 0.000000
vt 0.324291 0.000000
vt 0.341554 0.000000
vt 0.117139 0.000000
vt 0.144266 0.000000
vt 0.118372 0.000000
vt 0.143033 0.000000
vt 0.325524 0.000000
vt 0.340321 0.000000
vt 0.119605 0.000000
vt 0.141800 0.000000
vt 0.326757 0.000000
vt 0.339088 0.000000
vt 0.120838 0.000000
vt 0.140567 0.000000
vt 0.122072 0.000000
vt 0.139334 0.000000
vt 0.327990 0.000000
vt 0.337855 0.000000
vt 0.123305 0.000000
vt 0.138101 0.000000
vt 0.329223 0.000000
vt 0.336621 0.000000
vt 0.124538 0.000000
vt 0.136868 0.000000
vt 0.330456 0.000000
vt 0.335388 0.000000
vt 0.125771 0.000000
vt 0.135635 0.000000
vt 0.127004 0.000000
vt 0.134402 0.000000
vt 0.331689 0.000000
vt 0.334155 0.000000
vt 0.128237 0.000000
vt 0.133169 0.000000
vt 0.332922 0.000000
vt 0.129470 0.000000
vt 0.131936 0.000000
vt 0.130703 0.000000
vt 0.411837 0.000000
vt 0.409371 0.000000
vt 0.410604 0.000000
vt 0.046856 0.000000
vt 0.044390 0.000000
vt 0.045623 0.000000
vt 0.413070 0.000000
vt 0.408138 0.000000
vt 0.048089 0.000000
vt 0.043157 0.000000
vt 0.041924 0.000000
vt 0.414303 0.000000
vt 0.406905 0.000000
vt 0.049322 0.000000
vt 0.040691 0.000000
vt 0.415536 0.000000
vt 0.405672 0.000000
vt 0.050555 0.000000
vt 0.039457 0.000000
vt 0.416769 0.000000
vt 0.404439 0.000000
vt 0.051788 0.000000
vt 0.038224 0.000000
vt 0.418002 0.000000
vt 0.403206 0.000000
vt 0.053021 0.000000
vt 0.036991 0.000000
vt 0.419235 0.000000
vt 0.401973 0.000000
vt 0.054254 0.000000
vt 0.035758 0.000000
vt 0.420469 0.000000
vt 0.400740 0.000000
vt 0.055487 0.000000
vt 0.034525 0.000000
vt 0.421702 0.000000
vt 0.399507 0.000000
vt 0.056720 0.000000
vt 0.033292 0.000000
vt 0.422935 0.000000
vt 0.398274 0.000000
vt 0.057953 0.000000
vt 0.032059 0.000000
vt 0.424168 0.000000
vt 0.397041 0.000000
vt 0.059186 0.000000
vt 0.030826 0.000000
vt 0.425401 0.000000
vt 0.395808 0.000000
vt 0.060419 0.000000
vt 0.014797 0.000000
vt 0.426634 0.000000
vt 0.394575 0.000000
vt 0.061652 0.000000
vt 0.393342 0.000000
vt 0.062885 0.000000
vt 0.427867 0.000000
vt 0.392109 0.000000
vt 0.064118 0.000000
vt 0.390875 0.000000
vt 0.065351 0.000000
vt 0.389642 0.000000
vt 0.066584 0.000000
vt 0.429100 0.000000
vt 0.388409 0.000000
vt 0.067818 0.000000
vt 0.387176 0.000000
vt 0.069051 0.000000
vt 0.385943 0.000000
vt 0.070284 0.000000
vt 0.384710 0.000000
vt 0.071517 0.000000
vt 0.430333 0.000000
vt 0.383477 0.000000
vt 0.072750 0.000000
vt 0.382244 0.000000
vt 0.073983 0.000000
vt 0.381011 0.000000
vt 0.075216 0.000000
vt 0.379778 0.000000
vt 0.076449 0.000000
vt 0.378545 0.000000
vt 0.077682 0.000000
vt 0.431566 0.000000
vt 0.078915 0.000000
vt 0.377312 0.000000
vt 0.080148 0.000000
vt 0.376079 0.000000
vt 0.081381 0.000000
vt 0.374846 0.000000
vt 0.082614 0.000000
vt 0.373613 0.000000
vt 0.083847 0.000000
vt 0.372380 0.000000
vt 0.432799 0.000000
vt 0.085080 0.000000
vt 0.371147 0.000000
vt 0.086313 0.000000
vt 0.369914 0.000000
vt 0.087546 0.000000
vt 0.368681 0.000000
vt 0.088779 0.000000
vt 0.367448 0.000000
vt 0.090012 0.000000
vt 0.366215 0.000000
vt 0.091245 0.000000
vt 0.364982 0.000000
vt 0.092478 0.000000
vt 0.434032 0.000000
vt 0.093711 0.000000
vt 0.094945 0.000000
vt 0.096178 0.000000
vt 0.435265 0.000000
vt 0.097411 0.000000
vt 0.098644 0.000000
vt 0.436498 0.000000
vt 0.099877 0.000000
vt 0.101110 0.000000
vt 0.102343 0.000000
vt 0.437731 0.000000
vt 0.103576 0.000000
vt 0.104809 0.000000
vt 0.438964 0.000000
vt 0.440197 0.000000
vt 0.442663 0.000000
vt 0.013564 0.000000
vt 0.012330 0.000000
vt 0.443896 0.000000
vt 0.011097 0.000000
vt 0.445129 0.000000
vt 0.009864 0.000000
vt 0.446363 0.000000
vt 0.008631 0.000000
vt 0.447596 0.000000
vt 0.007398 0.000000
vt 0.448829 0.000000
vt 0.006165 0.000000
vt 0.450062 0.000000
vt 0.004932 0.000000
vt 0.451295 0.000000
vt 0.003699 0.000000
vt 0.452528 0.000000
vt 0.002466 0.000000
vt 0.453761 0.000000
vt 0.001233 0.000000
vt 0.454994 0.000000
vt 0.000000 0.000000
vt 0.456227 0.000000
vt 0.457460 0.000000
vt 1.000000 0.000000
vt 0.458693 0.000000
vt 0.998767 0.000000
vt 0.459926 0.000000
vt 0.997534 0.000000
vt 0.461159 0.000000
vt 0.996301 0.000000
vt 0.462392 0.000000
vt 0.995068 0.000000
vt 0.463625 0.000000
vt 0.993835 0.000000
vt 0.464858 0.000000
vt 0.992602 0.000000
vt 0.466091 0.000000
vt 0.991369 0.000000
vt 0.467324 0.000000
vt 0.990136 0.000000
vt 0.468557 0.000000
vt 0.988903 0.000000
vt 0.469790 0.000000
vt 0.987670 0.000000
vt 0.471023 0.000000
vt 0.986436 0.000000
vt 0.472256 0.000000
vt 0.985203 0.000000
vt 0.473490 0.000000
vt 0.983970 0.000000
vt 0.474723 0.000000
vt 0.982737 0.000000
vt 0.475956 0.000000
vt 0.981504 0.000000
vt 0.477189 0.000000
vt 0.980271 0.000000
vt 0.478422 0.000000
vt 0.979038 0.000000
vt 0.479655 0.000000
vt 0.977805 0.000000
vt 0.480888 0.000000
vt 0.976572 0.000000
vt 0.482121 0.000000
vt 0.975339 0.000000
vt 0.483354 0.000000
vt 0.974106 0.000000
vt 0.484587 0.000000
vt 0.972873 0.000000
vt 0.485820 0.000000
vt 0.971640 0.000000
vt 0.487053 0.000000
vt 0.970407 0.000000
vt 0.969174 0.000000
vt 0.488286 0.000000
vt 0.967941 0.000000
vt 0.489519 0.000000
vt 0.966708 0.000000
vt 0.490752 0.000000
vt 0.965475 0.000000
vt 0.491985 0.000000
vt 0.964242 0.000000
vt 0.493218 0.000000
vt 0.963009 0.000000
vt 0.494451 0.000000
vt 0.961776 0.000000
vt 0.495684 0.000000
vt 0.960543 0.000000
vt 0.496917 0.000000
vt 0.959310 0.000000
vt 0.498150 0.000000
vt 0.958076 0.000000
vt 0.499383 0.000000
vt 0.955610 0.000000
vt 0.500617 0.000000
vt 0.516646 0.000000
vt 0.620222 0.000000
vt 0.954377 0.000000
vt 0.953144 0.000000
vt 0.621455 0.000000
vt 0.849568 0.000000
vt 0.850801 0.000000
vt 0.951911 0.000000
vt 0.618989 0.000000
vt 0.622688 0.000000
vt 0.848335 0.000000
vt 0.852035 0.000000
vt 0.617756 0.000000
vt 0.616523 0.000000
vt 0.950678 0.000000
vt 0.615290 0.000000
vt 0.614057 0.000000
vt 0.612824 0.000000
vt 0.949445 0.000000
vt 0.611591 0.000000
vt 0.610358 0.000000
vt 0.948212 0.000000
vt 0.609125 0.000000
vt 0.607891 0.000000
vt 0.606658 0.000000
vt 0.946979 0.000000
vt 0.605425 0.000000
vt 0.604192 0.000000
vt 0.853268 0.000000
vt 0.602959 0.000000
vt 0.854501 0.000000
vt 0.601726 0.000000
vt 0.855734 0.000000
vt 0.600493 0.000000
vt 0.856967 0.000000
vt 0.599260 0.000000
vt 0.858200 0.000000
vt 0.598027 0.000000
vt 0.859433 0.000000
vt 0.596794 0.000000
vt 0.860666 0.000000
vt 0.595561 0.000000
vt 0.861899 0.000000
vt 0.594328 0.000000
vt 0.863132 0.000000
vt 0.945746 0.000000
vt 0.593095 0.000000
vt 0.864365 0.000000
vt 0.591862 0.000000
vt 0.865598 0.000000
vt 0.590629 0.000000
vt 0.866831 0.000000
vt 0.589396 0.000000
vt 0.868064 0.000000
vt 0.869297 0.000000
vt 0.588163 0.000000
vt 0.870530 0.000000
vt 0.586930 0.000000
vt 0.871763 0.000000
vt 0.585697 0.000000
vt 0.872996 0.000000
vt 0.584464 0.000000
vt 0.944513 0.000000
vt 0.874229 0.000000
vt 0.583231 0.000000
vt 0.875462 0.000000
vt 0.581998 0.000000
vt 0.876695 0.000000
vt 0.580764 0.000000
vt 0.877928 0.000000
vt 0.579531 0.000000
vt 0.879162 0.000000
vt 0.578298 0.000000
vt 0.880395 0.000000
vt 0.577065 0.000000
vt 0.881628 0.000000
vt 0.575832 0.000000
vt 0.943280 0.000000
vt 0.574599 0.000000
vt 0.882861 0.000000
vt 0.573366 0.000000
vt 0.884094 0.000000
vt 0.572133 0.000000
vt 0.885327 0.000000
vt 0.570900 0.000000
vt 0.886560 0.000000
vt 0.569667 0.000000
vt 0.887793 0.000000
vt 0.568434 0.000000
vt 0.889026 0.000000
vt 0.942047 0.000000
vt 0.567201 0.000000
vt 0.890259 0.000000
vt 0.565968 0.000000
vt 0.891492 0.000000
vt 0.564735 0.000000
vt 0.892725 0.000000
vt 0.563502 0.000000
vt 0.893958 0.000000
vt 0.562269 0.000000
vt 0.895191 0.000000
vt 0.940814 0.000000
vt 0.561036 0.000000
vt 0.896424 0.000000
vt 0.517879 0.000000
vt 0.559803 0.000000
vt 0.897657 0.000000
vt 0.939581 0.000000
vt 0.558570 0.000000
vt 0.938348 0.000000
vt 0.519112 0.000000
vt 0.898890 0.000000
vt 0.557337 0.000000
vt 0.937115 0.000000
vt 0.520345 0.000000
vt 0.900123 0.000000
vt 0.556104 0.000000
vt 0.935882 0.000000
vt 0.521578 0.000000
vt 0.901356 0.000000
vt 0.554871 0.000000
vt 0.934649 0.000000
vt 0.522811 0.000000
vt 0.902589 0.000000
vt 0.553638 0.000000
vt 0.933416 0.000000
vt 0.524044 0.000000
vt 0.903822 0.000000
vt 0.552404 0.000000
vt 0.932182 0.000000
vt 0.525277 0.000000
vt 0.905055 0.000000
vt 0.551171 0.000000
vt 0.930949 0.000000
vt 0.526510 0.000000
vt 0.906289 0.000000
vt 0.549938 0.000000
vt 0.929716 0.000000
vt 0.527744 0.000000
vt 0.907522 0.000000
vt 0.548705 0.000000
vt 0.928483 0.000000
vt 0.528977 0.000000
vt 0.908755 0.000000
vt 0.547472 0.000000
vt 0.927250 0.000000
vt 0.530210 0.000000
vt 0.909988 0.000000
vt 0.546239 0.000000
vt 0.926017 0.000000
vt 0.531443 0.000000
vt 0.911221 0.000000
vt 0.532676 0.000000
vt 0.545006 0.000000
vt 0.912454 0.000000
vt 0.924784 0.000000
vt 0.533909 0.000000
vt 0.543773 0.000000
vt 0.913687 0.000000
vt 0.923551 0.000000
vt 0.535142 0.000000
vt 0.542540 0.000000
vt 0.914920 0.000000
vt 0.922318 0.000000
vt 0.536375 0.000000
vt 0.541307 0.000000
vt 0.916153 0.000000
vt 0.921085 0.000000
vt 0.537608 0.000000
vt 0.540074 0.000000
vt 0.917386 0.000000
vt 0.919852 0.000000
vt 0.538841 0.000000
vt 0.918619 0.000000
vt 0.639951 0.000000
vt 0.637485 0.000000
vt 0.638718 0.000000
vt 0.819975 0.000000
vt 0.817509 0.000000
vt 0.818742 0.000000
vt 0.636252 0.000000
vt 0.816276 0.000000
vt 0.641184 0.000000
vt 0.821208 0.000000
vt 0.635018 0.000000
vt 0.815043 0.000000
vt 0.642417 0.000000
vt 0.822441 0.000000
vt 0.633785 0.000000
vt 0.813810 0.000000
vt 0.643650 0.000000
vt 0.823674 0.000000
vt 0.632552 0.000000
vt 0.812577 0.000000
vt 0.644883 0.000000
vt 0.824908 0.000000
vt 0.631319 0.000000
vt 0.811344 0.000000
vt 0.646116 0.000000
vt 0.826141 0.000000
vt 0.630086 0.000000
vt 0.810111 0.000000
vt 0.647349 0.000000
vt 0.827374 0.000000
vt 0.628853 0.000000
vt 0.808878 0.000000
vt 0.648582 0.000000
vt 0.828607 0.000000
vt 0.627620 0.000000
vt 0.807645 0.000000
vt 0.649815 0.000000
vt 0.829840 0.000000
vt 0.626387 0.000000
vt 0.806412 0.000000
vt 0.651048 0.000000
vt 0.831073 0.000000
vt 0.625154 0.000000
vt 0.805179 0.000000
vt 0.652281 0.000000
vt 0.832306 0.000000
vt 0.623921 0.000000
vt 0.803946 0.000000
vt 0.653514 0.000000
vt 0.833539 0.000000
vt 0.654747 0.000000
vt 0.834772 0.000000
vt 0.802713 0.000000
vt 0.836005 0.000000
vt 0.655980 0.000000
vt 0.801480 0.000000
vt 0.837238 0.000000
vt 0.657213 0.000000
vt 0.800247 0.000000
vt 0.658446 0.000000
vt 0.799014 0.000000
vt 0.838471 0.000000
vt 0.659679 0.000000
vt 0.797781 0.000000
vt 0.660912 0.000000
vt 0.796547 0.000000
vt 0.662145 0.000000
vt 0.795314 0.000000
vt 0.839704 0.000000
vt 0.663379 0.000000
vt 0.794081 0.000000
vt 0.664612 0.000000
vt 0.792848 0.000000
vt 0.840937 0.000000
vt 0.665845 0.000000
vt 0.791615 0.000000
vt 0.667078 0.000000
vt 0.790382 0.000000
vt 0.668311 0.000000
vt 0.789149 0.000000
vt 0.842170 0.000000
vt 0.669544 0.000000
vt 0.787916 0.000000
vt 0.670777 0.000000
vt 0.786683 0.000000
vt 0.843403 0.000000
vt 0.672010 0.000000
vt 0.785450 0.000000
vt 0.673243 0.000000
vt 0.784217 0.000000
vt 0.844636 0.000000
vt 0.674476 0.000000
vt 0.782984 0.000000
vt 0.675709 0.000000
vt 0.781751 0.000000
vt 0.676942 0.000000
vt 0.780518 0.000000
vt 0.845869 0.000000
vt 0.678175 0.000000
vt 0.779285 0.000000
vt 0.847102 0.000000
vt 0.679408 0.000000
vt 0.778052 0.000000
vt 0.680641 0.000000
vt 0.776819 0.000000
vt 0.681874 0.000000
vt 0.775586 0.000000
vt 0.683107 0.000000
vt 0.774353 0.000000
vt 0.684340 0.000000
vt 0.758323 0.000000
vt 0.685573 0.000000
vt 0.686806 0.000000
vt 0.688039 0.000000
vt 0.689273 0.000000
vt 0.690506 0.000000
vt 0.691739 0.000000
vt 0.692972 0.000000
vt 0.694205 0.000000
vt 0.695438 0.000000
vt 0.696671 0.000000
vt 0.697904 0.000000
vt 0.700370 0.000000
vt 0.757090 0.000000
vt 0.701603 0.000000
vt 0.755857 0.000000
vt 0.702836 0.000000
vt 0.754624 0.000000
vt 0.704069 0.000000
vt 0.753391 0.000000
vt 0.705302 0.000000
vt 0.752158 0.000000
vt 0.706535 0.000000
vt 0.750925 0.000000
vt 0.707768 0.000000
vt 0.749692 0.000000
vt 0.709001 0.000000
vt 0.748459 0.000000
vt 0.710234 0.000000
vt 0.747226 0.000000
vt 0.711467 0.000000
vt 0.745993 0.000000
vt 0.712700 0.000000
vt 0.744760 0.000000
vt 0.713933 0.000000
vt 0.743527 0.000000
vt 0.715166 0.000000
vt 0.742293 0.000000
vt 0.716399 0.000000
vt 0.741060 0.000000
vt 0.717633 0.000000
vt 0.739827 0.000000
vt 0.718866 0.000000
vt 0.738594 0.000000
vt 0.720099 0.000000
vt 0.737361 0.000000
vt 0.721332 0.000000
vt 0.736128 0.000000
vt 0.722565 0.000000
vt 0.734895 0.000000
vt 0.723798 0.000000
vt 0.733662 0.000000
vt 0.725031 0.000000
vt 0.732429 0.000000
vt 0.726264 0.000000
vt 0.731196 0.000000
vt 0.727497 0.000000
vt 0.729963 0.000000
vt 0.728730 0.000000
s 0
f 199/1/1 197/2/1 198/3/1
f 199/1/1 196/4/1 197/2/1
f 200/5/1 196/4/1 199/1/1
f 200/5/1 195/6/1 196/4/1
f 201/7/1 195/6/1 200/5/1
f 201/7/1 194/8/1 195/6/1
f 202/9/1 194/8/1 201/7/1
f 202/9/1 193/10/1 194/8/1
f 203/11/1 193/10/1 202/9/1
f 203/11/1 192/12/1 193/10/1
f 204/13/1 192/12/1 203/11/1
f 204/13/1 191/14/1 192/12/1
f 205/15/1 191/14/1 204/13/1
f 205/15/1 190/16/1 191/14/1
f 206/17/1 190/16/1 205/15/1
f 206/17/1 189/18/1 190/16/1
f 207/19/1 189/18/1 206/17/1
f 207/19/1 188/20/1 189/18/1
f 208/21/1 188/20/1 207/19/1
f 208/21/1 187/22/1 188/20/1
f 209/23/1 187/22/1 208/21/1
f 209/23/1 186/24/1 187/22/1
f 210/25/1 186/24/1 209/23/1
f 211/26/1 186/24/1 210/25/1
f 211/26/1 185/27/1 186/24/1
f 212/28/1 185/27/1 211/26/1
f 212/28/1 184/29/1 185/27/1
f 213/30/1 184/29/1 212/28/1
f 213/30/1 183/31/1 184/29/1
f 214/32/1 183/31/1 213/30/1
f 214/32/1 182/33/1 183/31/1
f 215/34/1 182/33/1 214/32/1
f 215/34/1 181/35/1 182/33/1
f 216/36/1 181/35/1 215/34/1
f 216/36/1 180/37/1 181/35/1
f 217/38/1 180/37/1 216/36/1
f 217/38/1 179/39/1 180/37/1
f 218/40/1 179/39/1 217/38/1
f 218/40/1 178/41/1 179/39/1
f 219/42/1 178/41/1 218/40/1
f 219/42/1 177/43/1 178/41/1
f 220/44/1 177/43/1 219/42/1
f 220/44/1 176/45/1 177/43/1
f 221/46/1 176/45/1 220/44/1
f 221/46/1 175/47/1 176/45/1
f 222/48/1 175/47/1 221/46/1
f 222/48/1 173/49/1 175/47/1
f 235/50/1 173/49/1 222/48/1
f 235/50/1 172/51/1 173/49/1
f 235/50/1 171/52/1 172/51/1
f 235/50/1 170/53/1 171/52/1
f 235/50/1 169/54/1 170/53/1
f 235/50/1 168/55/1 169/54/1
f 235/50/1 167/56/1 168/55/1
f 235/50/1 166/57/1 167/56/1
f 235/50/1 165/58/1 166/57/1
f 235/50/1 164/59/1 165/58/1
f 235/50/1 163/60/1 164/59/1
f 235/50/1 162/61/1 163/60/1
f 235/50/1 161/62/1 162/61/1
f 236/63/1 161/62/1 235/50/1
f 236/63/1 160/64/1 161/62/1
f 236/63/1 159/65/1 160/64/1
f 237/66/1 159/65/1 236/63/1
f 237/66/1 158/67/1 159/65/1
f 237/66/1 88/68/1 158/67/1
f 88/68/1 157/69/1 158/67/1
f 238/70/1 295/71/1 237/66/1
f 295/71/1 88/68/1 237/66/1
f 238/70/1 294/72/1 295/71/1
f 296/73/1 88/68/1 295/71/1
f 296/73/1 87/74/1 88/68/1
f 89/75/1 157/69/1 88/68/1
f 89/75/1 156/76/1 157/69/1
f 238/70/1 293/77/1 294/72/1
f 239/78/1 293/77/1 238/70/1
f 89/75/1 155/79/1 156/76/1
f 89/75/1 154/80/1 155/79/1
f 240/81/1 293/77/1 239/78/1
f 240/81/1 292/82/1 293/77/1
f 89/75/1 153/83/1 154/80/1
f 241/84/1 292/82/1 240/81/1
f 89/75/1 152/85/1 153/83/1
f 241/84/1 291/86/1 292/82/1
f 89/75/1 151/87/1 152/85/1
f 242/88/1 291/86/1 241/84/1
f 89/75/1 150/89/1 151/87/1
f 243/90/1 291/86/1 242/88/1
f 89/75/1 149/91/1 150/89/1
f 89/75/1 148/92/1 149/91/1
f 244/93/1 291/86/1 243/90/1
f 244/93/1 290/94/1 291/86/1
f 89/75/1 147/95/1 148/92/1
f 245/96/1 290/94/1 244/93/1
f 89/75/1 146/97/1 147/95/1
f 246/98/1 290/94/1 245/96/1
f 89/75/1 145/99/1 146/97/1
f 246/98/1 289/100/1 290/94/1
f 89/75/1 144/101/1 145/99/1
f 247/102/1 289/100/1 246/98/1
f 89/75/1 143/103/1 144/101/1
f 248/104/1 289/100/1 247/102/1
f 89/75/1 142/105/1 143/103/1
f 89/75/1 141/106/1 142/105/1
f 248/104/1 288/107/1 289/100/1
f 249/108/1 288/107/1 248/104/1
f 89/75/1 140/109/1 141/106/1
f 89/75/1 139/110/1 140/109/1
f 250/111/1 288/107/1 249/108/1
f 89/75/1 138/112/1 139/110/1
f 251/113/1 288/107/1 250/111/1
f 89/75/1 137/114/1 138/112/1
f 251/113/1 287/115/1 288/107/1
f 252/116/1 287/115/1 251/113/1
f 89/75/1 136/117/1 137/114/1
f 89/75/1 135/118/1 136/117/1
f 253/119/1 287/115/1 252/116/1
f 89/75/1 134/120/1 135/118/1
f 253/119/1 286/121/1 287/115/1
f 254/122/1 286/121/1 253/119/1
f 89/75/1 133/123/1 134/120/1
f 89/75/1 132/124/1 133/123/1
f 255/125/1 286/121/1 254/122/1
f 89/75/1 131/126/1 132/124/1
f 256/127/1 286/121/1 255/125/1
f 89/75/1 130/128/1 131/126/1
f 256/127/1 285/129/1 286/121/1
f 89/75/1 129/130/1 130/128/1
f 257/131/1 285/129/1 256/127/1
f 89/75/1 128/132/1 129/130/1
f 258/133/1 285/129/1 257/131/1
f 258/133/1 284/134/1 285/129/1
f 89/75/1 127/135/1 128/132/1
f 89/75/1 126/136/1 127/135/1
f 259/137/1 284/134/1 258/133/1
f 89/75/1 125/138/1 126/136/1
f 259/137/1 283/139/1 284/134/1
f 260/140/1 283/139/1 259/137/1
f 260/140/1 282/141/1 283/139/1
f 90/142/1 125/138/1 89/75/1
f 90/142/1 124/143/1 125/138/1
f 91/144/1 124/143/1 90/142/1
f 91/144/1 123/145/1 124/143/1
f 261/146/1 282/141/1 260/140/1
f 261/146/1 281/147/1 282/141/1
f 92/148/1 123/145/1 91/144/1
f 92/148/1 122/149/1 123/145/1
f 262/150/1 281/147/1 261/146/1
f 262/150/1 280/151/1 281/147/1
f 93/152/1 122/149/1 92/148/1
f 93/152/1 121/153/1 122/149/1
f 94/154/1 121/153/1 93/152/1
f 94/154/1 120/155/1 121/153/1
f 263/156/1 280/151/1 262/150/1
f 263/156/1 279/157/1 280/151/1
f 95/158/1 120/155/1 94/154/1
f 95/158/1 119/159/1 120/155/1
f 264/160/1 279/157/1 263/156/1
f 264/160/1 278/161/1 279/157/1
f 96/162/1 119/159/1 95/158/1
f 96/162/1 118/163/1 119/159/1
f 97/164/1 118/163/1 96/162/1
f 97/164/1 117/165/1 118/163/1
f 265/166/1 278/161/1 264/160/1
f 265/166/1 277/167/1 278/161/1
f 98/168/1 117/165/1 97/164/1
f 98/168/1 116/169/1 117/165/1
f 266/170/1 277/167/1 265/166/1
f 266/170/1 276/171/1 277/167/1
f 99/172/1 116/169/1 98/168/1
f 99/172/1 115/173/1 116/169/1
f 100/174/1 115/173/1 99/172/1
f 100/174/1 114/175/1 115/173/1
f 267/176/1 276/171/1 266/170/1
f 267/176/1 275/177/1 276/171/1
f 101/178/1 114/175/1 100/174/1
f 101/178/1 113/179/1 114/175/1
f 268/180/1 275/177/1 267/176/1
f 268/180/1 274/181/1 275/177/1
f 102/182/1 113/179/1 101/178/1
f 102/182/1 112/183/1 113/179/1
f 269/184/1 274/181/1 268/180/1
f 269/184/1 273/185/1 274/181/1
f 103/186/1 112/183/1 102/182/1
f 103/186/1 111/187/1 112/183/1
f 104/188/1 111/187/1 103/186/1
f 104/188/1 110/189/1 111/187/1
f 270/190/1 273/185/1 269/184/1
f 270/190/1 272/191/1 273/185/1
f 105/192/1 110/189/1 104/188/1
f 105/192/1 109/193/1 110/189/1
f 271/194/1 272/191/1 270/190/1
f 106/195/1 109/193/1 105/192/1
f 106/195/1 108/196/1 109/193/1
f 107/197/1 108/196/1 106/195/1
f 335/198/1 333/199/1 334/200/1
f 39/201/1 37/202/1 38/203/1
f 336/204/1 333/199/1 335/198/1
f 336/204/1 332/205/1 333/199/1
f 40/206/1 37/202/1 39/201/1
f 40/206/1 36/207/1 37/202/1
f 40/206/1 35/208/1 36/207/1
f 337/209/1 332/205/1 336/204/1
f 337/209/1 331/210/1 332/205/1
f 41/211/1 35/208/1 40/206/1
f 41/211/1 34/212/1 35/208/1
f 338/213/1 331/210/1 337/209/1
f 338/213/1 330/214/1 331/210/1
f 42/215/1 34/212/1 41/211/1
f 42/215/1 33/216/1 34/212/1
f 339/217/1 330/214/1 338/213/1
f 339/217/1 329/218/1 330/214/1
f 43/219/1 33/216/1 42/215/1
f 43/219/1 32/220/1 33/216/1
f 340/221/1 329/218/1 339/217/1
f 340/221/1 328/222/1 329/218/1
f 44/223/1 32/220/1 43/219/1
f 44/223/1 31/224/1 32/220/1
f 341/225/1 328/222/1 340/221/1
f 341/225/1 327/226/1 328/222/1
f 45/227/1 31/224/1 44/223/1
f 45/227/1 30/228/1 31/224/1
f 342/229/1 327/226/1 341/225/1
f 342/229/1 326/230/1 327/226/1
f 46/231/1 30/228/1 45/227/1
f 46/231/1 29/232/1 30/228/1
f 343/233/1 326/230/1 342/229/1
f 343/233/1 325/234/1 326/230/1
f 47/235/1 29/232/1 46/231/1
f 47/235/1 28/236/1 29/232/1
f 344/237/1 325/234/1 343/233/1
f 344/237/1 324/238/1 325/234/1
f 48/239/1 28/236/1 47/235/1
f 48/239/1 27/240/1 28/236/1
f 345/241/1 324/238/1 344/237/1
f 345/241/1 323/242/1 324/238/1
f 49/243/1 27/240/1 48/239/1
f 49/243/1 26/244/1 27/240/1
f 346/245/1 323/242/1 345/241/1
f 346/245/1 322/246/1 323/242/1
f 50/247/1 26/244/1 49/243/1
f 50/247/1 13/248/1 26/244/1
f 347/249/1 322/246/1 346/245/1
f 347/249/1 321/250/1 322/246/1
f 51/251/1 13/248/1 50/247/1
f 347/249/1 320/252/1 321/250/1
f 52/253/1 13/248/1 51/251/1
f 348/254/1 320/252/1 347/249/1
f 348/254/1 319/255/1 320/252/1
f 53/256/1 13/248/1 52/253/1
f 348/254/1 318/257/1 319/255/1
f 54/258/1 13/248/1 53/256/1
f 348/254/1 317/259/1 318/257/1
f 55/260/1 13/248/1 54/258/1
f 349/261/1 317/259/1 348/254/1
f 349/261/1 316/262/1 317/259/1
f 56/263/1 13/248/1 55/260/1
f 349/261/1 315/264/1 316/262/1
f 57/265/1 13/248/1 56/263/1
f 349/261/1 314/266/1 315/264/1
f 58/267/1 13/248/1 57/265/1
f 349/261/1 313/268/1 314/266/1
f 59/269/1 13/248/1 58/267/1
f 350/270/1 313/268/1 349/261/1
f 350/270/1 312/271/1 313/268/1
f 60/272/1 13/248/1 59/269/1
f 350/270/1 311/273/1 312/271/1
f 61/274/1 13/248/1 60/272/1
f 350/270/1 310/275/1 311/273/1
f 62/276/1 13/248/1 61/274/1
f 350/270/1 309/277/1 310/275/1
f 63/278/1 13/248/1 62/276/1
f 350/270/1 308/279/1 309/277/1
f 64/280/1 13/248/1 63/278/1
f 351/281/1 308/279/1 350/270/1
f 65/282/1 13/248/1 64/280/1
f 351/281/1 307/283/1 308/279/1
f 66/284/1 13/248/1 65/282/1
f 351/281/1 306/285/1 307/283/1
f 67/286/1 13/248/1 66/284/1
f 351/281/1 305/287/1 306/285/1
f 68/288/1 13/248/1 67/286/1
f 351/281/1 304/289/1 305/287/1
f 69/290/1 13/248/1 68/288/1
f 351/281/1 303/291/1 304/289/1
f 352/292/1 303/291/1 351/281/1
f 70/293/1 13/248/1 69/290/1
f 352/292/1 302/294/1 303/291/1
f 71/295/1 13/248/1 70/293/1
f 352/292/1 301/296/1 302/294/1
f 72/297/1 13/248/1 71/295/1
f 352/292/1 300/298/1 301/296/1
f 73/299/1 13/248/1 72/297/1
f 352/292/1 299/300/1 300/298/1
f 74/301/1 13/248/1 73/299/1
f 352/292/1 298/302/1 299/300/1
f 75/303/1 13/248/1 74/301/1
f 352/292/1 297/304/1 298/302/1
f 76/305/1 13/248/1 75/303/1
f 353/306/1 297/304/1 352/292/1
f 77/307/1 13/248/1 76/305/1
f 78/308/1 13/248/1 77/307/1
f 79/309/1 13/248/1 78/308/1
f 354/310/1 297/304/1 353/306/1
f 80/311/1 13/248/1 79/309/1
f 81/312/1 13/248/1 80/311/1
f 355/313/1 297/304/1 354/310/1
f 82/314/1 13/248/1 81/312/1
f 83/315/1 13/248/1 82/314/1
f 84/316/1 13/248/1 83/315/1
f 356/317/1 297/304/1 355/313/1
f 85/318/1 13/248/1 84/316/1
f 86/319/1 13/248/1 85/318/1
f 356/317/1 296/73/1 297/304/1
f 356/317/1 87/74/1 296/73/1
f 356/317/1 86/319/1 87/74/1
f 356/317/1 13/248/1 86/319/1
f 357/320/1 13/248/1 356/317/1
f 358/321/1 13/248/1 357/320/1
f 360/322/1 13/248/1 358/321/1
f 360/322/1 12/323/1 13/248/1
f 360/322/1 11/324/1 12/323/1
f 361/325/1 11/324/1 360/322/1
f 361/325/1 10/326/1 11/324/1
f 362/327/1 10/326/1 361/325/1
f 362/327/1 9/328/1 10/326/1
f 363/329/1 9/328/1 362/327/1
f 363/329/1 8/330/1 9/328/1
f 364/331/1 8/330/1 363/329/1
f 364/331/1 7/332/1 8/330/1
f 365/333/1 7/332/1 364/331/1
f 365/333/1 6/334/1 7/332/1
f 366/335/1 6/334/1 365/333/1
f 366/335/1 5/336/1 6/334/1
f 367/337/1 5/336/1 366/335/1
f 367/337/1 4/338/1 5/336/1
f 368/339/1 4/338/1 367/337/1
f 368/339/1 3/340/1 4/338/1
f 369/341/1 3/340/1 368/339/1
f 369/341/1 2/342/1 3/340/1
f 370/343/1 2/342/1 369/341/1
f 370/343/1 1/344/1 2/342/1
f 371/345/1 1/344/1 370/343/1
f 372/346/1 1/344/1 371/345/1
f 372/346/1 812/347/1 1/344/1
f 373/348/1 812/347/1 372/346/1
f 373/348/1 811/349/1 812/347/1
f 374/350/1 811/349/1 373/348/1
f 374/350/1 810/351/1 811/349/1
f 375/352/1 810/351/1 374/350/1
f 375/352/1 809/353/1 810/351/1
f 376/354/1 809/353/1 375/352/1
f 376/354/1 808/355/1 809/353/1
f 377/356/1 808/355/1 376/354/1
f 377/356/1 807/357/1 808/355/1
f 378/358/1 807/357/1 377/356/1
f 378/358/1 806/359/1 807/357/1
f 379/360/1 806/359/1 378/358/1
f 379/360/1 805/361/1 806/359/1
f 380/362/1 805/361/1 379/360/1
f 380/362/1 804/363/1 805/361/1
f 381/364/1 804/363/1 380/362/1
f 381/364/1 803/365/1 804/363/1
f 382/366/1 803/365/1 381/364/1
f 382/366/1 802/367/1 803/365/1
f 383/368/1 802/367/1 382/366/1
f 383/368/1 801/369/1 802/367/1
f 384/370/1 801/369/1 383/368/1
f 384/370/1 800/371/1 801/369/1
f 385/372/1 800/371/1 384/370/1
f 385/372/1 799/373/1 800/371/1
f 386/374/1 799/373/1 385/372/1
f 386/374/1 798/375/1 799/373/1
f 387/376/1 798/375/1 386/374/1
f 387/376/1 797/377/1 798/375/1
f 388/378/1 797/377/1 387/376/1
f 388/378/1 796/379/1 797/377/1
f 389/380/1 796/379/1 388/378/1
f 389/380/1 795/381/1 796/379/1
f 390/382/1 795/381/1 389/380/1
f 390/382/1 794/383/1 795/381/1
f 391/384/1 794/383/1 390/382/1
f 391/384/1 793/385/1 794/383/1
f 392/386/1 793/385/1 391/384/1
f 392/386/1 792/387/1 793/385/1
f 393/388/1 792/387/1 392/386/1
f 393/388/1 791/389/1 792/387/1
f 394/390/1 791/389/1 393/388/1
f 394/390/1 790/391/1 791/389/1
f 395/392/1 790/391/1 394/390/1
f 395/392/1 789/393/1 790/391/1
f 396/394/1 789/393/1 395/392/1
f 396/394/1 788/395/1 789/393/1
f 396/394/1 787/396/1 788/395/1
f 397/397/1 787/396/1 396/394/1
f 397/397/1 786/398/1 787/396/1
f 398/399/1 786/398/1 397/397/1
f 398/399/1 785/400/1 786/398/1
f 399/401/1 785/400/1 398/399/1
f 399/401/1 784/402/1 785/400/1
f 400/403/1 784/402/1 399/401/1
f 400/403/1 783/404/1 784/402/1
f 401/405/1 783/404/1 400/403/1
f 401/405/1 782/406/1 783/404/1
f 402/407/1 782/406/1 401/405/1
f 402/407/1 781/408/1 782/406/1
f 403/409/1 781/408/1 402/407/1
f 403/409/1 780/410/1 781/408/1
f 404/411/1 780/410/1 403/409/1
f 404/411/1 779/412/1 780/410/1
f 405/413/1 779/412/1 404/411/1
f 405/413/1 778/414/1 779/412/1
f 406/415/1 778/414/1 405/413/1
f 406/415/1 776/416/1 778/414/1
f 407/417/1 776/416/1 406/415/1
f 420/418/1 504/419/1 407/417/1
f 504/419/1 776/416/1 407/417/1
f 504/419/1 775/420/1 776/416/1
f 504/419/1 774/421/1 775/420/1
f 504/419/1 505/422/1 774/421/1
f 505/422/1 690/423/1 774/421/1
f 690/423/1 691/424/1 774/421/1
f 691/424/1 773/425/1 774/421/1
f 420/418/1 503/426/1 504/419/1
f 506/427/1 690/423/1 505/422/1
f 506/427/1 689/428/1 690/423/1
f 692/429/1 773/425/1 691/424/1
f 420/418/1 502/430/1 503/426/1
f 420/418/1 501/431/1 502/430/1
f 692/429/1 772/432/1 773/425/1
f 420/418/1 500/433/1 501/431/1
f 420/418/1 499/434/1 500/433/1
f 420/418/1 498/435/1 499/434/1
f 692/429/1 771/436/1 772/432/1
f 420/418/1 497/437/1 498/435/1
f 420/418/1 496/438/1 497/437/1
f 692/429/1 770/439/1 771/436/1
f 420/418/1 495/440/1 496/438/1
f 420/418/1 494/441/1 495/440/1
f 420/418/1 493/442/1 494/441/1
f 692/429/1 769/443/1 770/439/1
f 420/418/1 492/444/1 493/442/1
f 420/418/1 491/445/1 492/444/1
f 693/446/1 769/443/1 692/429/1
f 420/418/1 490/447/1 491/445/1
f 694/448/1 769/443/1 693/446/1
f 420/418/1 489/449/1 490/447/1
f 695/450/1 769/443/1 694/448/1
f 420/418/1 488/451/1 489/449/1
f 696/452/1 769/443/1 695/450/1
f 420/418/1 487/453/1 488/451/1
f 697/454/1 769/443/1 696/452/1
f 420/418/1 486/455/1 487/453/1
f 698/456/1 769/443/1 697/454/1
f 420/418/1 485/457/1 486/455/1
f 699/458/1 769/443/1 698/456/1
f 420/418/1 484/459/1 485/457/1
f 700/460/1 769/443/1 699/458/1
f 420/418/1 483/461/1 484/459/1
f 701/462/1 769/443/1 700/460/1
f 701/462/1 768/463/1 769/443/1
f 420/418/1 482/464/1 483/461/1
f 702/465/1 768/463/1 701/462/1
f 420/418/1 481/466/1 482/464/1
f 703/467/1 768/463/1 702/465/1
f 420/418/1 480/468/1 481/466/1
f 704/469/1 768/463/1 703/467/1
f 420/418/1 479/470/1 480/468/1
f 705/471/1 768/463/1 704/469/1
f 706/472/1 768/463/1 705/471/1
f 420/418/1 478/473/1 479/470/1
f 707/474/1 768/463/1 706/472/1
f 420/418/1 477/475/1 478/473/1
f 708/476/1 768/463/1 707/474/1
f 420/418/1 476/477/1 477/475/1
f 709/478/1 768/463/1 708/476/1
f 420/418/1 475/479/1 476/477/1
f 709/478/1 767/480/1 768/463/1
f 710/481/1 767/480/1 709/478/1
f 420/418/1 474/482/1 475/479/1
f 711/483/1 767/480/1 710/481/1
f 420/418/1 473/484/1 474/482/1
f 712/485/1 767/480/1 711/483/1
f 420/418/1 472/486/1 473/484/1
f 713/487/1 767/480/1 712/485/1
f 420/418/1 471/488/1 472/486/1
f 714/489/1 767/480/1 713/487/1
f 420/418/1 470/490/1 471/488/1
f 715/491/1 767/480/1 714/489/1
f 420/418/1 469/492/1 470/490/1
f 716/493/1 767/480/1 715/491/1
f 420/418/1 468/494/1 469/492/1
f 716/493/1 766/495/1 767/480/1
f 420/418/1 467/496/1 468/494/1
f 717/497/1 766/495/1 716/493/1
f 420/418/1 466/498/1 467/496/1
f 718/499/1 766/495/1 717/497/1
f 420/418/1 465/500/1 466/498/1
f 719/501/1 766/495/1 718/499/1
f 420/418/1 464/502/1 465/500/1
f 720/503/1 766/495/1 719/501/1
f 420/418/1 463/504/1 464/502/1
f 721/505/1 766/495/1 720/503/1
f 420/418/1 462/506/1 463/504/1
f 722/507/1 766/495/1 721/505/1
f 722/507/1 765/508/1 766/495/1
f 420/418/1 461/509/1 462/506/1
f 723/510/1 765/508/1 722/507/1
f 420/418/1 460/511/1 461/509/1
f 724/512/1 765/508/1 723/510/1
f 420/418/1 459/513/1 460/511/1
f 725/514/1 765/508/1 724/512/1
f 420/418/1 458/515/1 459/513/1
f 726/516/1 765/508/1 725/514/1
f 420/418/1 457/517/1 458/515/1
f 727/518/1 765/508/1 726/516/1
f 727/518/1 764/519/1 765/508/1
f 420/418/1 456/520/1 457/517/1
f 728/521/1 764/519/1 727/518/1
f 421/522/1 456/520/1 420/418/1
f 421/522/1 455/523/1 456/520/1
f 729/524/1 764/519/1 728/521/1
f 729/524/1 763/525/1 764/519/1
f 421/522/1 454/526/1 455/523/1
f 729/524/1 762/527/1 763/525/1
f 422/528/1 454/526/1 421/522/1
f 730/529/1 762/527/1 729/524/1
f 422/528/1 453/530/1 454/526/1
f 730/529/1 761/531/1 762/527/1
f 423/532/1 453/530/1 422/528/1
f 731/533/1 761/531/1 730/529/1
f 423/532/1 452/534/1 453/530/1
f 731/533/1 760/535/1 761/531/1
f 424/536/1 452/534/1 423/532/1
f 732/537/1 760/535/1 731/533/1
f 424/536/1 451/538/1 452/534/1
f 732/537/1 759/539/1 760/535/1
f 425/540/1 451/538/1 424/536/1
f 733/541/1 759/539/1 732/537/1
f 425/540/1 450/542/1 451/538/1
f 733/541/1 758/543/1 759/539/1
f 426/544/1 450/542/1 425/540/1
f 734/545/1 758/543/1 733/541/1
f 426/544/1 449/546/1 450/542/1
f 734/545/1 757/547/1 758/543/1
f 427/548/1 449/546/1 426/544/1
f 735/549/1 757/547/1 734/545/1
f 427/548/1 448/550/1 449/546/1
f 735/549/1 756/551/1 757/547/1
f 428/552/1 448/550/1 427/548/1
f 736/553/1 756/551/1 735/549/1
f 428/552/1 447/554/1 448/550/1
f 736/553/1 755/555/1 756/551/1
f 429/556/1 447/554/1 428/552/1
f 737/557/1 755/555/1 736/553/1
f 429/556/1 446/558/1 447/554/1
f 737/557/1 754/559/1 755/555/1
f 430/560/1 446/558/1 429/556/1
f 738/561/1 754/559/1 737/557/1
f 430/560/1 445/562/1 446/558/1
f 738/561/1 753/563/1 754/559/1
f 431/564/1 445/562/1 430/560/1
f 739/565/1 753/563/1 738/561/1
f 431/564/1 444/566/1 445/562/1
f 739/565/1 752/567/1 753/563/1
f 432/568/1 444/566/1 431/564/1
f 740/569/1 752/567/1 739/565/1
f 433/570/1 444/566/1 432/568/1
f 433/570/1 443/571/1 444/566/1
f 741/572/1 752/567/1 740/569/1
f 741/572/1 751/573/1 752/567/1
f 434/574/1 443/571/1 433/570/1
f 434/574/1 442/575/1 443/571/1
f 742/576/1 751/573/1 741/572/1
f 742/576/1 750/577/1 751/573/1
f 435/578/1 442/575/1 434/574/1
f 435/578/1 441/579/1 442/575/1
f 743/580/1 750/577/1 742/576/1
f 743/580/1 749/581/1 750/577/1
f 436/582/1 441/579/1 435/578/1
f 436/582/1 440/583/1 441/579/1
f 744/584/1 749/581/1 743/580/1
f 744/584/1 748/585/1 749/581/1
f 437/586/1 440/583/1 436/582/1
f 437/586/1 439/587/1 440/583/1
f 745/588/1 748/585/1 744/584/1
f 745/588/1 747/589/1 748/585/1
f 438/590/1 439/587/1 437/586/1
f 746/591/1 747/589/1 745/588/1
f 520/592/1 518/593/1 519/594/1
f 666/595/1 664/596/1 665/597/1
f 520/592/1 517/598/1 518/593/1
f 666/595/1 663/599/1 664/596/1
f 521/600/1 517/598/1 520/592/1
f 667/601/1 663/599/1 666/595/1
f 521/600/1 516/602/1 517/598/1
f 667/601/1 662/603/1 663/599/1
f 522/604/1 516/602/1 521/600/1
f 668/605/1 662/603/1 667/601/1
f 522/604/1 515/606/1 516/602/1
f 668/605/1 661/607/1 662/603/1
f 523/608/1 515/606/1 522/604/1
f 669/609/1 661/607/1 668/605/1
f 523/608/1 514/610/1 515/606/1
f 669/609/1 660/611/1 661/607/1
f 524/612/1 514/610/1 523/608/1
f 670/613/1 660/611/1 669/609/1
f 524/612/1 513/614/1 514/610/1
f 670/613/1 659/615/1 660/611/1
f 525/616/1 513/614/1 524/612/1
f 671/617/1 659/615/1 670/613/1
f 525/616/1 512/618/1 513/614/1
f 671/617/1 658/619/1 659/615/1
f 526/620/1 512/618/1 525/616/1
f 672/621/1 658/619/1 671/617/1
f 526/620/1 511/622/1 512/618/1
f 672/621/1 657/623/1 658/619/1
f 527/624/1 511/622/1 526/620/1
f 673/625/1 657/623/1 672/621/1
f 527/624/1 510/626/1 511/622/1
f 673/625/1 656/627/1 657/623/1
f 528/628/1 510/626/1 527/624/1
f 674/629/1 656/627/1 673/625/1
f 528/628/1 509/630/1 510/626/1
f 674/629/1 655/631/1 656/627/1
f 529/632/1 509/630/1 528/628/1
f 675/633/1 655/631/1 674/629/1
f 529/632/1 508/634/1 509/630/1
f 675/633/1 654/635/1 655/631/1
f 530/636/1 508/634/1 529/632/1
f 676/637/1 654/635/1 675/633/1
f 530/636/1 507/638/1 508/634/1
f 676/637/1 653/639/1 654/635/1
f 531/640/1 507/638/1 530/636/1
f 677/641/1 653/639/1 676/637/1
f 531/640/1 506/427/1 507/638/1
f 532/642/1 506/427/1 531/640/1
f 678/643/1 653/639/1 677/641/1
f 678/643/1 652/644/1 653/639/1
f 679/645/1 652/644/1 678/643/1
f 533/646/1 506/427/1 532/642/1
f 679/645/1 651/647/1 652/644/1
f 680/648/1 651/647/1 679/645/1
f 534/649/1 506/427/1 533/646/1
f 680/648/1 650/650/1 651/647/1
f 535/651/1 506/427/1 534/649/1
f 680/648/1 649/652/1 650/650/1
f 681/653/1 649/652/1 680/648/1
f 536/654/1 506/427/1 535/651/1
f 681/653/1 648/655/1 649/652/1
f 537/656/1 506/427/1 536/654/1
f 681/653/1 647/657/1 648/655/1
f 538/658/1 506/427/1 537/656/1
f 681/653/1 646/659/1 647/657/1
f 682/660/1 646/659/1 681/653/1
f 539/661/1 506/427/1 538/658/1
f 682/660/1 645/662/1 646/659/1
f 540/663/1 506/427/1 539/661/1
f 682/660/1 644/664/1 645/662/1
f 683/665/1 644/664/1 682/660/1
f 541/666/1 506/427/1 540/663/1
f 683/665/1 643/667/1 644/664/1
f 542/668/1 506/427/1 541/666/1
f 683/665/1 642/669/1 643/667/1
f 543/670/1 506/427/1 542/668/1
f 683/665/1 641/671/1 642/669/1
f 684/672/1 641/671/1 683/665/1
f 544/673/1 506/427/1 543/670/1
f 684/672/1 640/674/1 641/671/1
f 545/675/1 506/427/1 544/673/1
f 684/672/1 639/676/1 640/674/1
f 685/677/1 639/676/1 684/672/1
f 546/678/1 506/427/1 545/675/1
f 685/677/1 638/679/1 639/676/1
f 547/680/1 506/427/1 546/678/1
f 685/677/1 637/681/1 638/679/1
f 686/682/1 637/681/1 685/677/1
f 548/683/1 506/427/1 547/680/1
f 686/682/1 636/684/1 637/681/1
f 549/685/1 506/427/1 548/683/1
f 686/682/1 635/686/1 636/684/1
f 550/687/1 506/427/1 549/685/1
f 686/682/1 634/688/1 635/686/1
f 687/689/1 634/688/1 686/682/1
f 551/690/1 506/427/1 550/687/1
f 687/689/1 633/691/1 634/688/1
f 688/692/1 633/691/1 687/689/1
f 552/693/1 506/427/1 551/690/1
f 688/692/1 632/694/1 633/691/1
f 553/695/1 506/427/1 552/693/1
f 688/692/1 631/696/1 632/694/1
f 689/428/1 631/696/1 688/692/1
f 553/695/1 689/428/1 506/427/1
f 553/695/1 631/696/1 689/428/1
f 554/697/1 631/696/1 553/695/1
f 554/697/1 630/698/1 631/696/1
f 555/699/1 630/698/1 554/697/1
f 555/699/1 629/700/1 630/698/1
f 556/701/1 629/700/1 555/699/1
f 556/701/1 616/702/1 629/700/1
f 557/703/1 616/702/1 556/701/1
f 558/704/1 616/702/1 557/703/1
f 559/705/1 616/702/1 558/704/1
f 560/706/1 616/702/1 559/705/1
f 561/707/1 616/702/1 560/706/1
f 562/708/1 616/702/1 561/707/1
f 563/709/1 616/702/1 562/708/1
f 564/710/1 616/702/1 563/709/1
f 565/711/1 616/702/1 564/710/1
f 566/712/1 616/702/1 565/711/1
f 567/713/1 616/702/1 566/712/1
f 569/714/1 616/702/1 567/713/1
f 569/714/1 615/715/1 616/702/1
f 570/716/1 615/715/1 569/714/1
f 570/716/1 614/717/1 615/715/1
f 571/718/1 614/717/1 570/716/1
f 571/718/1 613/719/1 614/717/1
f 572/720/1 613/719/1 571/718/1
f 572/720/1 612/721/1 613/719/1
f 573/722/1 612/721/1 572/720/1
f 573/722/1 611/723/1 612/721/1
f 574/724/1 611/723/1 573/722/1
f 574/724/1 610/725/1 611/723/1
f 575/726/1 610/725/1 574/724/1
f 575/726/1 609/727/1 610/725/1
f 576/728/1 609/727/1 575/726/1
f 576/728/1 608/729/1 609/727/1
f 577/730/1 608/729/1 576/728/1
f 577/730/1 607/731/1 608/729/1
f 578/732/1 607/731/1 577/730/1
f 578/732/1 606/733/1 607/731/1
f 579/734/1 606/733/1 578/732/1
f 579/734/1 605/735/1 606/733/1
f 580/736/1 605/735/1 579/734/1
f 580/736/1 604/737/1 605/735/1
f 581/738/1 604/737/1 580/736/1
f 581/738/1 603/739/1 604/737/1
f 582/740/1 603/739/1 581/738/1
f 582/740/1 602/741/1 603/739/1
f 583/742/1 602/741/1 582/740/1
f 583/742/1 601/743/1 602/741/1
f 584/744/1 601/743/1 583/742/1
f 584/744/1 600/745/1 601/743/1
f 585/746/1 600/745/1 584/744/1
f 585/746/1 599/747/1 600/745/1
f 586/748/1 599/747/1 585/746/1
f 586/748/1 598/749/1 599/747/1
f 587/750/1 598/749/1 586/748/1
f 587/750/1 597/751/1 598/749/1
f 588/752/1 597/751/1 587/750/1
f 588/752/1 596/753/1 597/751/1
f 589/754/1 596/753/1 588/752/1
f 589/754/1 595/755/1 596/753/1
f 590/756/1 595/755/1 589/754/1
f 590/756/1 594/757/1 595/755/1
f 591/758/1 594/757/1 590/756/1
f 591/758/1 593/759/1 594/757/1
f 592/760/1 593/759/1 591/758/1
f 1011/1/2 1010/3/2 1009/2/2
f 1011/1/2 1009/2/2 1008/4/2
f 1012/5/2 1011/1/2 1008/4/2
f 1012/5/2 1008/4/2 1007/6/2
f 1013/7/2 1012/5/2 1007/6/2
f 1013/7/2 1007/6/2 1006/8/2
f 1014/9/2 1013/7/2 1006/8/2
f 1014/9/2 1006/8/2 1005/10/2
f 1015/11/2 1014/9/2 1005/10/2
f 1015/11/2 1005/10/2 1004/12/2
f 1016/13/2 1015/11/2 1004/12/2
f 1016/13/2 1004/12/2 1003/14/2
f 1017/15/2 1016/13/2 1003/14/2
f 1017/15/2 1003/14/2 1002/16/2
f 1018/17/2 1017/15/2 1002/16/2
f 1018/17/2 1002/16/2 1001/18/2
f 1019/19/2 1018/17/2 1001/18/2
f 1019/19/2 1001/18/2 1000/20/2
f 1020/21/2 1019/19/2 1000/20/2
f 1020/21/2 1000/20/2 999/22/2
f 1021/23/2 1020/21/2 999/22/2
f 1021/23/2 999/22/2 998/24/2
f 1022/25/2 1021/23/2 998/24/2
f 1023/26/2 1022/25/2 998/24/2
f 1023/26/2 998/24/2 997/27/2
f 1024/28/2 1023/26/2 997/27/2
f 1024/28/2 997/27/2 996/29/2
f 1025/30/2 1024/28/2 996/29/2
f 1025/30/2 996/29/2 995/31/2
f 1026/32/2 1025/30/2 995/31/2
f 1026/32/2 995/31/2 994/33/2
f 1027/34/2 1026/32/2 994/33/2
f 1027/34/2 994/33/2 993/35/2
f 1028/36/2 1027/34/2 993/35/2
f 1028/36/2 993/35/2 992/37/2
f 1029/38/2 1028/36/2 992/37/2
f 1029/38/2 992/37/2 991/39/2
f 1030/40/2 1029/38/2 991/39/2
f 1030/40/2 991/39/2 990/41/2
f 1031/42/2 1030/40/2 990/41/2
f 1031/42/2 990/41/2 989/43/2
f 1032/44/2 1031/42/2 989/43/2
f 1032/44/2 989/43/2 988/45/2
f 1033/46/2 1032/44/2 988/45/2
f 1033/46/2 988/45/2 987/47/2
f 1034/48/2 1033/46/2 987/47/2
f 1034/48/2 987/47/2 985/49/2
f 1047/50/2 1034/48/2 985/49/2
f 1047/50/2 985/49/2 984/51/2
f 1047/50/2 984/51/2 983/52/2
f 1047/50/2 983/52/2 982/53/2
f 1047/50/2 982/53/2 981/54/2
f 1047/50/2 981/54/2 980/55/2
f 1047/50/2 980/55/2 979/56/2
f 1047/50/2 979/56/2 978/57/2
f 1047/50/2 978/57/2 977/58/2
f 1047/50/2 977/58/2 976/59/2
f 1047/50/2 976/59/2 975/60/2
f 1047/50/2 975/60/2 974/61/2
f 1047/50/2 974/61/2 973/62/2
f 1048/63/2 1047/50/2 973/62/2
f 1048/63/2 973/62/2 972/64/2
f 1048/63/2 972/64/2 971/65/2
f 1049/66/2 1048/63/2 971/65/2
f 1049/66/2 971/65/2 970/67/2
f 1049/66/2 970/67/2 900/68/2
f 900/68/2 970/67/2 969/69/2
f 1050/70/2 1049/66/2 1107/71/2
f 1107/71/2 1049/66/2 900/68/2
f 1050/70/2 1107/71/2 1106/72/2
f 1108/73/2 1107/71/2 900/68/2
f 1108/73/2 900/68/2 899/74/2
f 901/75/2 900/68/2 969/69/2
f 901/75/2 969/69/2 968/76/2
f 1050/70/2 1106/72/2 1105/77/2
f 1051/78/2 1050/70/2 1105/77/2
f 901/75/2 968/76/2 967/79/2
f 901/75/2 967/79/2 966/80/2
f 1052/81/2 1051/78/2 1105/77/2
f 1052/81/2 1105/77/2 1104/82/2
f 901/75/2 966/80/2 965/83/2
f 1053/84/2 1052/81/2 1104/82/2
f 901/75/2 965/83/2 964/85/2
f 1053/84/2 1104/82/2 1103/86/2
f 901/75/2 964/85/2 963/87/2
f 1054/88/2 1053/84/2 1103/86/2
f 901/75/2 963/87/2 962/89/2
f 1055/90/2 1054/88/2 1103/86/2
f 901/75/2 962/89/2 961/91/2
f 901/75/2 961/91/2 960/92/2
f 1056/93/2 1055/90/2 1103/86/2
f 1056/93/2 1103/86/2 1102/94/2
f 901/75/2 960/92/2 959/95/2
f 1057/96/2 1056/93/2 1102/94/2
f 901/75/2 959/95/2 958/97/2
f 1058/98/2 1057/96/2 1102/94/2
f 901/75/2 958/97/2 957/99/2
f 1058/98/2 1102/94/2 1101/100/2
f 901/75/2 957/99/2 956/101/2
f 1059/102/2 1058/98/2 1101/100/2
f 901/75/2 956/101/2 955/103/2
f 1060/104/2 1059/102/2 1101/100/2
f 901/75/2 955/103/2 954/105/2
f 901/75/2 954/105/2 953/106/2
f 1060/104/2 1101/100/2 1100/107/2
f 1061/108/2 1060/104/2 1100/107/2
f 901/75/2 953/106/2 952/109/2
f 901/75/2 952/109/2 951/110/2
f 1062/111/2 1061/108/2 1100/107/2
f 901/75/2 951/110/2 950/112/2
f 1063/113/2 1062/111/2 1100/107/2
f 901/75/2 950/112/2 949/114/2
f 1063/113/2 1100/107/2 1099/115/2
f 1064/116/2 1063/113/2 1099/115/2
f 901/75/2 949/114/2 948/117/2
f 901/75/2 948/117/2 947/118/2
f 1065/119/2 1064/116/2 1099/115/2
f 901/75/2 947/118/2 946/120/2
f 1065/119/2 1099/115/2 1098/121/2
f 1066/122/2 1065/119/2 1098/121/2
f 901/75/2 946/120/2 945/123/2
f 901/75/2 945/123/2 944/124/2
f 1067/125/2 1066/122/2 1098/121/2
f 901/75/2 944/124/2 943/126/2
f 1068/127/2 1067/125/2 1098/121/2
f 901/75/2 943/126/2 942/128/2
f 1068/127/2 1098/121/2 1097/129/2
f 901/75/2 942/128/2 941/130/2
f 1069/131/2 1068/127/2 1097/129/2
f 901/75/2 941/130/2 940/132/2
f 1070/133/2 1069/131/2 1097/129/2
f 1070/133/2 1097/129/2 1096/134/2
f 901/75/2 940/132/2 939/135/2
f 901/75/2 939/135/2 938/136/2
f 1071/137/2 1070/133/2 1096/134/2
f 901/75/2 938/136/2 937/138/2
f 1071/137/2 1096/134/2 1095/139/2
f 1072/140/2 1071/137/2 1095/139/2
f 1072/140/2 1095/139/2 1094/141/2
f 902/142/2 901/75/2 937/138/2
f 902/142/2 937/138/2 936/143/2
f 903/144/2 902/142/2 936/143/2
f 903/144/2 936/143/2 935/145/2
f 1073/146/2 1072/140/2 1094/141/2
f 1073/146/2 1094/141/2 1093/147/2
f 904/148/2 903/144/2 935/145/2
f 904/148/2 935/145/2 934/149/2
f 1074/150/2 1073/146/2 1093/147/2
f 1074/150/2 1093/147/2 1092/151/2
f 905/152/2 904/148/2 934/149/2
f 905/152/2 934/149/2 933/153/2
f 906/154/2 905/152/2 933/153/2
f 906/154/2 933/153/2 932/155/2
f 1075/156/2 1074/150/2 1092/151/2
f 1075/156/2 1092/151/2 1091/157/2
f 907/158/2 906/154/2 932/155/2
f 907/158/2 932/155/2 931/159/2
f 1076/160/2 1075/156/2 1091/157/2
f 1076/160/2 1091/157/2 1090/161/2
f 908/162/2 907/158/2 931/159/2
f 908/162/2 931/159/2 930/163/2
f 909/164/2 908/162/2 930/163/2
f 909/164/2 930/163/2 929/165/2
f 1077/166/2 1076/160/2 1090/161/2
f 1077/166/2 1090/161/2 1089/167/2
f 910/168/2 909/164/2 929/165/2
f 910/168/2 929/165/2 928/169/2
f 1078/170/2 1077/166/2 1089/167/2
f 1078/170/2 1089/167/2 1088/171/2
f 911/172/2 910/168/2 928/169/2
f 911/172/2 928/169/2 927/173/2
f 912/174/2 911/172/2 927/173/2
f 912/174/2 927/173/2 926/175/2
f 1079/176/2 1078/170/2 1088/171/2
f 1079/176/2 1088/171/2 1087/177/2
f 913/178/2 912/174/2 926/175/2
f 913/178/2 926/175/2 925/179/2
f 1080/180/2 1079/176/2 1087/177/2
f 1080/180/2 1087/177/2 1086/181/2
f 914/182/2 913/178/2 925/179/2
f 914/182/2 925/179/2 924/183/2
f 1081/184/2 1080/180/2 1086/181/2
f 1081/184/2 1086/181/2 1085/185/2
f 915/186/2 914/182/2 924/183/2
f 915/186/2 924/183/2 923/187/2
f 916/188/2 915/186/2 923/187/2
f 916/188/2 923/187/2 922/189/2
f 1082/190/2 1081/184/2 1085/185/2
f 1082/190/2 1085/185/2 1084/191/2
f 917/192/2 916/188/2 922/189/2
f 917/192/2 922/189/2 921/193/2
f 1083/194/2 1082/190/2 1084/191/2
f 918/195/2 917/192/2 921/193/2
f 918/195/2 921/193/2 920/196/2
f 919/197/2 918/195/2 920/196/2
f 1147/198/2 1146/200/2 1145/199/2
f 851/201/2 850/203/2 849/202/2
f 1148/204/2 1147/198/2 1145/199/2
f 1148/204/2 1145/199/2 1144/205/2
f 852/206/2 851/201/2 849/202/2
f 852/206/2 849/202/2 848/207/2
f 852/206/2 848/207/2 847/208/2
f 1149/209/2 1148/204/2 1144/205/2
f 1149/209/2 1144/205/2 1143/210/2
f 853/211/2 852/206/2 847/208/2
f 853/211/2 847/208/2 846/212/2
f 1150/213/2 1149/209/2 1143/210/2
f 1150/213/2 1143/210/2 1142/214/2
f 854/215/2 853/211/2 846/212/2
f 854/215/2 846/212/2 845/216/2
f 1151/217/2 1150/213/2 1142/214/2
f 1151/217/2 1142/214/2 1141/218/2
f 855/219/2 854/215/2 845/216/2
f 855/219/2 845/216/2 844/220/2
f 1152/221/2 1151/217/2 1141/218/2
f 1152/221/2 1141/218/2 1140/222/2
f 856/223/2 855/219/2 844/220/2
f 856/223/2 844/220/2 843/224/2
f 1153/225/2 1152/221/2 1140/222/2
f 1153/225/2 1140/222/2 1139/226/2
f 857/227/2 856/223/2 843/224/2
f 857/227/2 843/224/2 842/228/2
f 1154/229/2 1153/225/2 1139/226/2
f 1154/229/2 1139/226/2 1138/230/2
f 858/231/2 857/227/2 842/228/2
f 858/231/2 842/228/2 841/232/2
f 1155/233/2 1154/229/2 1138/230/2
f 1155/233/2 1138/230/2 1137/234/2
f 859/235/2 858/231/2 841/232/2
f 859/235/2 841/232/2 840/236/2
f 1156/237/2 1155/233/2 1137/234/2
f 1156/237/2 1137/234/2 1136/238/2
f 860/239/2 859/235/2 840/236/2
f 860/239/2 840/236/2 839/240/2
f 1157/241/2 1156/237/2 1136/238/2
f 1157/241/2 1136/238/2 1135/242/2
f 861/243/2 860/239/2 839/240/2
f 861/243/2 839/240/2 838/244/2
f 1158/245/2 1157/241/2 1135/242/2
f 1158/245/2 1135/242/2 1134/246/2
f 862/247/2 861/243/2 838/244/2
f 862/247/2 838/244/2 825/248/2
f 1159/249/2 1158/245/2 1134/246/2
f 1159/249/2 1134/246/2 1133/250/2
f 863/251/2 862/247/2 825/248/2
f 1159/249/2 1133/250/2 1132/252/2
f 864/253/2 863/251/2 825/248/2
f 1160/254/2 1159/249/2 1132/252/2
f 1160/254/2 1132/252/2 1131/255/2
f 865/256/2 864/253/2 825/248/2
f 1160/254/2 1131/255/2 1130/257/2
f 866/258/2 865/256/2 825/248/2
f 1160/254/2 1130/257/2 1129/259/2
f 867/260/2 866/258/2 825/248/2
f 1161/261/2 1160/254/2 1129/259/2
f 1161/261/2 1129/259/2 1128/262/2
f 868/263/2 867/260/2 825/248/2
f 1161/261/2 1128/262/2 1127/264/2
f 869/265/2 868/263/2 825/248/2
f 1161/261/2 1127/264/2 1126/266/2
f 870/267/2 869/265/2 825/248/2
f 1161/261/2 1126/266/2 1125/268/2
f 871/269/2 870/267/2 825/248/2
f 1162/270/2 1161/261/2 1125/268/2
f 1162/270/2 1125/268/2 1124/271/2
f 872/272/2 871/269/2 825/248/2
f 1162/270/2 1124/271/2 1123/273/2
f 873/274/2 872/272/2 825/248/2
f 1162/270/2 1123/273/2 1122/275/2
f 874/276/2 873/274/2 825/248/2
f 1162/270/2 1122/275/2 1121/277/2
f 875/278/2 874/276/2 825/248/2
f 1162/270/2 1121/277/2 1120/279/2
f 876/280/2 875/278/2 825/248/2
f 1163/281/2 1162/270/2 1120/279/2
f 877/282/2 876/280/2 825/248/2
f 1163/281/2 1120/279/2 1119/283/2
f 878/284/2 877/282/2 825/248/2
f 1163/281/2 1119/283/2 1118/285/2
f 879/286/2 878/284/2 825/248/2
f 1163/281/2 1118/285/2 1117/287/2
f 880/288/2 879/286/2 825/248/2
f 1163/281/2 1117/287/2 1116/289/2
f 881/290/2 880/288/2 825/248/2
f 1163/281/2 1116/289/2 1115/291/2
f 1164/292/2 1163/281/2 1115/291/2
f 882/293/2 881/290/2 825/248/2
f 1164/292/2 1115/291/2 1114/294/2
f 883/295/2 882/293/2 825/248/2
f 1164/292/2 1114/294/2 1113/296/2
f 884/297/2 883/295/2 825/248/2
f 1164/292/2 1113/296/2 1112/298/2
f 885/299/2 884/297/2 825/248/2
f 1164/292/2 1112/298/2 1111/300/2
f 886/301/2 885/299/2 825/248/2
f 1164/292/2 1111/300/2 1110/302/2
f 887/303/2 886/301/2 825/248/2
f 1164/292/2 1110/302/2 1109/304/2
f 888/305/2 887/303/2 825/248/2
f 1165/306/2 1164/292/2 1109/304/2
f 889/307/2 888/305/2 825/248/2
f 890/308/2 889/307/2 825/248/2
f 891/309/2 890/308/2 825/248/2
f 1166/310/2 1165/306/2 1109/304/2
f 892/311/2 891/309/2 825/248/2
f 893/312/2 892/311/2 825/248/2
f 1167/313/2 1166/310/2 1109/304/2
f 894/314/2 893/312/2 825/248/2
f 895/315/2 894/314/2 825/248/2
f 896/316/2 895/315/2 825/248/2
f 1168/317/2 1167/313/2 1109/304/2
f 897/318/2 896/316/2 825/248/2
f 898/319/2 897/318/2 825/248/2
f 1168/317/2 1109/304/2 1108/73/2
f 1168/317/2 1108/73/2 899/74/2
f 1168/317/2 899/74/2 898/319/2
f 1168/317/2 898/319/2 825/248/2
f 1169/320/2 1168/317/2 825/248/2
f 1170/321/2 1169/320/2 825/248/2
f 1172/322/2 1170/321/2 825/248/2
f 1172/322/2 825/248/2 824/323/2
f 1172/322/2 824/323/2 823/324/2
f 1173/325/2 1172/322/2 823/324/2
f 1173/325/2 823/324/2 822/326/2
f 1174/327/2 1173/325/2 822/326/2
f 1174/327/2 822/326/2 821/328/2
f 1175/329/2 1174/327/2 821/328/2
f 1175/329/2 821/328/2 820/330/2
f 1176/331/2 1175/329/2 820/330/2
f 1176/331/2 820/330/2 819/332/2
f 1177/333/2 1176/331/2 819/332/2
f 1177/333/2 819/332/2 818/334/2
f 1178/335/2 1177/333/2 818/334/2
f 1178/335/2 818/334/2 817/336/2
f 1179/337/2 1178/335/2 817/336/2
f 1179/337/2 817/336/2 816/338/2
f 1180/339/2 1179/337/2 816/338/2
f 1180/339/2 816/338/2 815/340/2
f 1181/341/2 1180/339/2 815/340/2
f 1181/341/2 815/340/2 814/342/2
f 1182/343/2 1181/341/2 814/342/2
f 1182/343/2 814/342/2 813/344/2
f 1183/345/2 1182/343/2 813/344/2
f 1184/346/2 1183/345/2 813/344/2
f 1184/346/2 813/344/2 1624/347/2
f 1185/348/2 1184/346/2 1624/347/2
f 1185/348/2 1624/347/2 1623/349/2
f 1186/350/2 1185/348/2 1623/349/2
f 1186/350/2 1623/349/2 1622/351/2
f 1187/352/2 1186/350/2 1622/351/2
f 1187/352/2 1622/351/2 1621/353/2
f 1188/354/2 1187/352/2 1621/353/2
f 1188/354/2 1621/353/2 1620/355/2
f 1189/356/2 1188/354/2 1620/355/2
f 1189/356/2 1620/355/2 1619/357/2
f 1190/358/2 1189/356/2 1619/357/2
f 1190/358/2 1619/357/2 1618/359/2
f 1191/360/2 1190/358/2 1618/359/2
f 1191/360/2 1618/359/2 1617/361/2
f 1192/362/2 1191/360/2 1617/361/2
f 1192/362/2 1617/361/2 1616/363/2
f 1193/364/2 1192/362/2 1616/363/2
f 1193/364/2 1616/363/2 1615/365/2
f 1194/366/2 1193/364/2 1615/365/2
f 1194/366/2 1615/365/2 1614/367/2
f 1195/368/2 1194/366/2 1614/367/2
f 1195/368/2 1614/367/2 1613/369/2
f 1196/370/2 1195/368/2 1613/369/2
f 1196/370/2 1613/369/2 1612/371/2
f 1197/372/2 1196/370/2 1612/371/2
f 1197/372/2 1612/371/2 1611/373/2
f 1198/374/2 1197/372/2 1611/373/2
f 1198/374/2 1611/373/2 1610/375/2
f 1199/376/2 1198/374/2 1610/375/2
f 1199/376/2 1610/375/2 1609/377/2
f 1200/378/2 1199/376/2 1609/377/2
f 1200/378/2 1609/377/2 1608/379/2
f 1201/380/2 1200/378/2 1608/379/2
f 1201/380/2 1608/379/2 1607/381/2
f 1202/382/2 1201/380/2 1607/381/2
f 1202/382/2 1607/381/2 1606/383/2
f 1203/384/2 1202/382/2 1606/383/2
f 1203/384/2 1606/383/2 1605/385/2
f 1204/386/2 1203/384/2 1605/385/2
f 1204/386/2 1605/385/2 1604/387/2
f 1205/388/2 1204/386/2 1604/387/2
f 1205/388/2 1604/387/2 1603/389/2
f 1206/390/2 1205/388/2 1603/389/2
f 1206/390/2 1603/389/2 1602/391/2
f 1207/392/2 1206/390/2 1602/391/2
f 1207/392/2 1602/391/2 1601/393/2
f 1208/394/2 1207/392/2 1601/393/2
f 1208/394/2 1601/393/2 1600/395/2
f 1208/394/2 1600/395/2 1599/396/2
f 1209/397/2 1208/394/2 1599/396/2
f 1209/397/2 1599/396/2 1598/398/2
f 1210/399/2 1209/397/2 1598/398/2
f 1210/399/2 1598/398/2 1597/400/2
f 1211/401/2 1210/399/2 1597/400/2
f 1211/401/2 1597/400/2 1596/402/2
f 1212/403/2 1211/401/2 1596/402/2
f 1212/403/2 1596/402/2 1595/404/2
f 1213/405/2 1212/403/2 1595/404/2
f 1213/405/2 1595/404/2 1594/406/2
f 1214/407/2 1213/405/2 1594/406/2
f 1214/407/2 1594/406/2 1593/408/2
f 1215/409/2 1214/407/2 1593/408/2
f 1215/409/2 1593/408/2 1592/410/2
f 1216/411/2 1215/409/2 1592/410/2
f 1216/411/2 1592/410/2 1591/412/2
f 1217/413/2 1216/411/2 1591/412/2
f 1217/413/2 1591/412/2 1590/414/2
f 1218/415/2 1217/413/2 1590/414/2
f 1218/415/2 1590/414/2 1588/416/2
f 1219/417/2 1218/415/2 1588/416/2
f 1232/418/2 1219/417/2 1316/419/2
f 1316/419/2 1219/417/2 1588/416/2
f 1316/419/2 1588/416/2 1587/420/2
f 1316/419/2 1587/420/2 1586/421/2
f 1316/419/2 1586/421/2 1317/422/2
f 1317/422/2 1586/421/2 1502/423/2
f 1502/423/2 1586/421/2 1503/424/2
f 1503/424/2 1586/421/2 1585/425/2
f 1232/418/2 1316/419/2 1315/426/2
f 1318/427/2 1317/422/2 1502/423/2
f 1318/427/2 1502/423/2 1501/428/2
f 1504/429/2 1503/424/2 1585/425/2
f 1232/418/2 1315/426/2 1314/430/2
f 1232/418/2 1314/430/2 1313/431/2
f 1504/429/2 1585/425/2 1584/432/2
f 1232/418/2 1313/431/2 1312/433/2
f 1232/418/2 1312/433/2 1311/434/2
f 1232/418/2 1311/434/2 1310/435/2
f 1504/429/2 1584/432/2 1583/436/2
f 1232/418/2 1310/435/2 1309/437/2
f 1232/418/2 1309/437/2 1308/438/2
f 1504/429/2 1583/436/2 1582/439/2
f 1232/418/2 1308/438/2 1307/440/2
f 1232/418/2 1307/440/2 1306/441/2
f 1232/418/2 1306/441/2 1305/442/2
f 1504/429/2 1582/439/2 1581/443/2
f 1232/418/2 1305/442/2 1304/444/2
f 1232/418/2 1304/444/2 1303/445/2
f 1505/446/2 1504/429/2 1581/443/2
f 1232/418/2 1303/445/2 1302/447/2
f 1506/448/2 1505/446/2 1581/443/2
f 1232/418/2 1302/447/2 1301/449/2
f 1507/450/2 1506/448/2 1581/443/2
f 1232/418/2 1301/449/2 1300/451/2
f 1508/452/2 1507/450/2 1581/443/2
f 1232/418/2 1300/451/2 1299/453/2
f 1509/454/2 1508/452/2 1581/443/2
f 1232/418/2 1299/453/2 1298/455/2
f 1510/456/2 1509/454/2 1581/443/2
f 1232/418/2 1298/455/2 1297/457/2
f 1511/458/2 1510/456/2 1581/443/2
f 1232/418/2 1297/457/2 1296/459/2
f 1512/460/2 1511/458/2 1581/443/2
f 1232/418/2 1296/459/2 1295/461/2
f 1513/462/2 1512/460/2 1581/443/2
f 1513/462/2 1581/443/2 1580/463/2
f 1232/418/2 1295/461/2 1294/464/2
f 1514/465/2 1513/462/2 1580/463/2
f 1232/418/2 1294/464/2 1293/466/2
f 1515/467/2 1514/465/2 1580/463/2
f 1232/418/2 1293/466/2 1292/468/2
f 1516/469/2 1515/467/2 1580/463/2
f 1232/418/2 1292/468/2 1291/470/2
f 1517/471/2 1516/469/2 1580/463/2
f 1518/472/2 1517/471/2 1580/463/2
f 1232/418/2 1291/470/2 1290/473/2
f 1519/474/2 1518/472/2 1580/463/2
f 1232/418/2 1290/473/2 1289/475/2
f 1520/476/2 1519/474/2 1580/463/2
f 1232/418/2 1289/475/2 1288/477/2
f 1521/478/2 1520/476/2 1580/463/2
f 1232/418/2 1288/477/2 1287/479/2
f 1521/478/2 1580/463/2 1579/480/2
f 1522/481/2 1521/478/2 1579/480/2
f 1232/418/2 1287/479/2 1286/482/2
f 1523/483/2 1522/481/2 1579/480/2
f 1232/418/2 1286/482/2 1285/484/2
f 1524/485/2 1523/483/2 1579/480/2
f 1232/418/2 1285/484/2 1284/486/2
f 1525/487/2 1524/485/2 1579/480/2
f 1232/418/2 1284/486/2 1283/488/2
f 1526/489/2 1525/487/2 1579/480/2
f 1232/418/2 1283/488/2 1282/490/2
f 1527/491/2 1526/489/2 1579/480/2
f 1232/418/2 1282/490/2 1281/492/2
f 1528/493/2 1527/491/2 1579/480/2
f 1232/418/2 1281/492/2 1280/494/2
f 1528/493/2 1579/480/2 1578/495/2
f 1232/418/2 1280/494/2 1279/496/2
f 1529/497/2 1528/493/2 1578/495/2
f 1232/418/2 1279/496/2 1278/498/2
f 1530/499/2 1529/497/2 1578/495/2
f 1232/418/2 1278/498/2 1277/500/2
f 1531/501/2 1530/499/2 1578/495/2
f 1232/418/2 1277/500/2 1276/502/2
f 1532/503/2 1531/501/2 1578/495/2
f 1232/418/2 1276/502/2 1275/504/2
f 1533/505/2 1532/503/2 1578/495/2
f 1232/418/2 1275/504/2 1274/506/2
f 1534/507/2 1533/505/2 1578/495/2
f 1534/507/2 1578/495/2 1577/508/2
f 1232/418/2 1274/506/2 1273/509/2
f 1535/510/2 1534/507/2 1577/508/2
f 1232/418/2 1273/509/2 1272/511/2
f 1536/512/2 1535/510/2 1577/508/2
f 1232/418/2 1272/511/2 1271/513/2
f 1537/514/2 1536/512/2 1577/508/2
f 1232/418/2 1271/513/2 1270/515/2
f 1538/516/2 1537/514/2 1577/508/2
f 1232/418/2 1270/515/2 1269/517/2
f 1539/518/2 1538/516/2 1577/508/2
f 1539/518/2 1577/508/2 1576/519/2
f 1232/418/2 1269/517/2 1268/520/2
f 1540/521/2 1539/518/2 1576/519/2
f 1233/522/2 1232/418/2 1268/520/2
f 1233/522/2 1268/520/2 1267/523/2
f 1541/524/2 1540/521/2 1576/519/2
f 1541/524/2 1576/519/2 1575/525/2
f 1233/522/2 1267/523/2 1266/526/2
f 1541/524/2 1575/525/2 1574/527/2
f 1234/528/2 1233/522/2 1266/526/2
f 1542/529/2 1541/524/2 1574/527/2
f 1234/528/2 1266/526/2 1265/530/2
f 1542/529/2 1574/527/2 1573/531/2
f 1235/532/2 1234/528/2 1265/530/2
f 1543/533/2 1542/529/2 1573/531/2
f 1235/532/2 1265/530/2 1264/534/2
f 1543/533/2 1573/531/2 1572/535/2
f 1236/536/2 1235/532/2 1264/534/2
f 1544/537/2 1543/533/2 1572/535/2
f 1236/536/2 1264/534/2 1263/538/2
f 1544/537/2 1572/535/2 1571/539/2
f 1237/540/2 1236/536/2 1263/538/2
f 1545/541/2 1544/537/2 1571/539/2
f 1237/540/2 1263/538/2 1262/542/2
f 1545/541/2 1571/539/2 1570/543/2
f 1238/544/2 1237/540/2 1262/542/2
f 1546/545/2 1545/541/2 1570/543/2
f 1238/544/2 1262/542/2 1261/546/2
f 1546/545/2 1570/543/2 1569/547/2
f 1239/548/2 1238/544/2 1261/546/2
f 1547/549/2 1546/545/2 1569/547/2
f 1239/548/2 1261/546/2 1260/550/2
f 1547/549/2 1569/547/2 1568/551/2
f 1240/552/2 1239/548/2 1260/550/2
f 1548/553/2 1547/549/2 1568/551/2
f 1240/552/2 1260/550/2 1259/554/2
f 1548/553/2 1568/551/2 1567/555/2
f 1241/556/2 1240/552/2 1259/554/2
f 1549/557/2 1548/553/2 1567/555/2
f 1241/556/2 1259/554/2 1258/558/2
f 1549/557/2 1567/555/2 1566/559/2
f 1242/560/2 1241/556/2 1258/558/2
f 1550/561/2 1549/557/2 1566/559/2
f 1242/560/2 1258/558/2 1257/562/2
f 1550/561/2 1566/559/2 1565/563/2
f 1243/564/2 1242/560/2 1257/562/2
f 1551/565/2 1550/561/2 1565/563/2
f 1243/564/2 1257/562/2 1256/566/2
f 1551/565/2 1565/563/2 1564/567/2
f 1244/568/2 1243/564/2 1256/566/2
f 1552/569/2 1551/565/2 1564/567/2
f 1245/570/2 1244/568/2 1256/566/2
f 1245/570/2 1256/566/2 1255/571/2
f 1553/572/2 1552/569/2 1564/567/2
f 1553/572/2 1564/567/2 1563/573/2
f 1246/574/2 1245/570/2 1255/571/2
f 1246/574/2 1255/571/2 1254/575/2
f 1554/576/2 1553/572/2 1563/573/2
f 1554/576/2 1563/573/2 1562/577/2
f 1247/578/2 1246/574/2 1254/575/2
f 1247/578/2 1254/575/2 1253/579/2
f 1555/580/2 1554/576/2 1562/577/2
f 1555/580/2 1562/577/2 1561/581/2
f 1248/582/2 1247/578/2 1253/579/2
f 1248/582/2 1253/579/2 1252/583/2
f 1556/584/2 1555/580/2 1561/581/2
f 1556/584/2 1561/581/2 1560/585/2
f 1249/586/2 1248/582/2 1252/583/2
f 1249/586/2 1252/583/2 1251/587/2
f 1557/588/2 1556/584/2 1560/585/2
f 1557/588/2 1560/585/2 1559/589/2
f 1250/590/2 1249/586/2 1251/587/2
f 1558/591/2 1557/588/2 1559/589/2
f 1332/592/2 1331/594/2 1330/593/2
f 1478/595/2 1477/597/2 1476/596/2
f 1332/592/2 1330/593/2 1329/598/2
f 1478/595/2 1476/596/2 1475/599/2
f 1333/600/2 1332/592/2 1329/598/2
f 1479/601/2 1478/595/2 1475/599/2
f 1333/600/2 1329/598/2 1328/602/2
f 1479/601/2 1475/599/2 1474/603/2
f 1334/604/2 1333/600/2 1328/602/2
f 1480/605/2 1479/601/2 1474/603/2
f 1334/604/2 1328/602/2 1327/606/2
f 1480/605/2 1474/603/2 1473/607/2
f 1335/608/2 1334/604/2 1327/606/2
f 1481/609/2 1480/605/2 1473/607/2
f 1335/608/2 1327/606/2 1326/610/2
f 1481/609/2 1473/607/2 1472/611/2
f 1336/612/2 1335/608/2 1326/610/2
f 1482/613/2 1481/609/2 1472/611/2
f 1336/612/2 1326/610/2 1325/614/2
f 1482/613/2 1472/611/2 1471/615/2
f 1337/616/2 1336/612/2 1325/614/2
f 1483/617/2 1482/613/2 1471/615/2
f 1337/616/2 1325/614/2 1324/618/2
f 1483/617/2 1471/615/2 1470/619/2
f 1338/620/2 1337/616/2 1324/618/2
f 1484/621/2 1483/617/2 1470/619/2
f 1338/620/2 1324/618/2 1323/622/2
f 1484/621/2 1470/619/2 1469/623/2
f 1339/624/2 1338/620/2 1323/622/2
f 1485/625/2 1484/621/2 1469/623/2
f 1339/624/2 1323/622/2 1322/626/2
f 1485/625/2 1469/623/2 1468/627/2
f 1340/628/2 1339/624/2 1322/626/2
f 1486/629/2 1485/625/2 1468/627/2
f 1340/628/2 1322/626/2 1321/630/2
f 1486/629/2 1468/627/2 1467/631/2
f 1341/632/2 1340/628/2 1321/630/2
f 1487/633/2 1486/629/2 1467/631/2
f 1341/632/2 1321/630/2 1320/634/2
f 1487/633/2 1467/631/2 1466/635/2
f 1342/636/2 1341/632/2 1320/634/2
f 1488/637/2 1487/633/2 1466/635/2
f 1342/636/2 1320/634/2 1319/638/2
f 1488/637/2 1466/635/2 1465/639/2
f 1343/640/2 1342/636/2 1319/638/2
f 1489/641/2 1488/637/2 1465/639/2
f 1343/640/2 1319/638/2 1318/427/2
f 1344/642/2 1343/640/2 1318/427/2
f 1490/643/2 1489/641/2 1465/639/2
f 1490/643/2 1465/639/2 1464/644/2
f 1491/645/2 1490/643/2 1464/644/2
f 1345/646/2 1344/642/2 1318/427/2
f 1491/645/2 1464/644/2 1463/647/2
f 1492/648/2 1491/645/2 1463/647/2
f 1346/649/2 1345/646/2 1318/427/2
f 1492/648/2 1463/647/2 1462/650/2
f 1347/651/2 1346/649/2 1318/427/2
f 1492/648/2 1462/650/2 1461/652/2
f 1493/653/2 1492/648/2 1461/652/2
f 1348/654/2 1347/651/2 1318/427/2
f 1493/653/2 1461/652/2 1460/655/2
f 1349/656/2 1348/654/2 1318/427/2
f 1493/653/2 1460/655/2 1459/657/2
f 1350/658/2 1349/656/2 1318/427/2
f 1493/653/2 1459/657/2 1458/659/2
f 1494/660/2 1493/653/2 1458/659/2
f 1351/661/2 1350/658/2 1318/427/2
f 1494/660/2 1458/659/2 1457/662/2
f 1352/663/2 1351/661/2 1318/427/2
f 1494/660/2 1457/662/2 1456/664/2
f 1495/665/2 1494/660/2 1456/664/2
f 1353/666/2 1352/663/2 1318/427/2
f 1495/665/2 1456/664/2 1455/667/2
f 1354/668/2 1353/666/2 1318/427/2
f 1495/665/2 1455/667/2 1454/669/2
f 1355/670/2 1354/668/2 1318/427/2
f 1495/665/2 1454/669/2 1453/671/2
f 1496/672/2 1495/665/2 1453/671/2
f 1356/673/2 1355/670/2 1318/427/2
f 1496/672/2 1453/671/2 1452/674/2
f 1357/675/2 1356/673/2 1318/427/2
f 1496/672/2 1452/674/2 1451/676/2
f 1497/677/2 1496/672/2 1451/676/2
f 1358/678/2 1357/675/2 1318/427/2
f 1497/677/2 1451/676/2 1450/679/2
f 1359/680/2 1358/678/2 1318/427/2
f 1497/677/2 1450/679/2 1449/681/2
f 1498/682/2 1497/677/2 1449/681/2
f 1360/683/2 1359/680/2 1318/427/2
f 1498/682/2 1449/681/2 1448/684/2
f 1361/685/2 1360/683/2 1318/427/2
f 1498/682/2 1448/684/2 1447/686/2
f 1362/687/2 1361/685/2 1318/427/2
f 1498/682/2 1447/686/2 1446/688/2
f 1499/689/2 1498/682/2 1446/688/2
f 1363/690/2 1362/687/2 1318/427/2
f 1499/689/2 1446/688/2 1445/691/2
f 1500/692/2 1499/689/2 1445/691/2
f 1364/693/2 1363/690/2 1318/427/2
f 1500/692/2 1445/691/2 1444/694/2
f 1365/695/2 1364/693/2 1318/427/2
f 1500/692/2 1444/694/2 1443/696/2
f 1501/428/2 1500/692/2 1443/696/2
f 1365/695/2 1318/427/2 1501/428/2
f 1365/695/2 1501/428/2 1443/696/2
f 1366/697/2 1365/695/2 1443/696/2
f 1366/697/2 1443/696/2 1442/698/2
f 1367/699/2 1366/697/2 1442/698/2
f 1367/699/2 1442/698/2 1441/700/2
f 1368/701/2 1367/699/2 1441/700/2
f 1368/701/2 1441/700/2 1428/702/2
f 1369/703/2 1368/701/2 1428/702/2
f 1370/704/2 1369/703/2 1428/702/2
f 1371/705/2 1370/704/2 1428/702/2
f 1372/706/2 1371/705/2 1428/702/2
f 1373/707/2 1372/706/2 1428/702/2
f 1374/708/2 1373/707/2 1428/702/2
f 1375/709/2 1374/708/2 1428/702/2
f 1376/710/2 1375/709/2 1428/702/2
f 1377/711/2 1376/710/2 1428/702/2
f 1378/712/2 1377/711/2 1428/702/2
f 1379/713/2 1378/712/2 1428/702/2
f 1381/714/2 1379/713/2 1428/702/2
f 1381/714/2 1428/702/2 1427/715/2
f 1382/716/2 1381/714/2 1427/715/2
f 1382/716/2 1427/715/2 1426/717/2
f 1383/718/2 1382/716/2 1426/717/2
f 1383/718/2 1426/717/2 1425/719/2
f 1384/720/2 1383/718/2 1425/719/2
f 1384/720/2 1425/719/2 1424/721/2
f 1385/722/2 1384/720/2 1424/721/2
f 1385/722/2 1424/721/2 1423/723/2
f 1386/724/2 1385/722/2 1423/723/2
f 1386/724/2 1423/723/2 1422/725/2
f 1387/726/2 1386/724/2 1422/725/2
f 1387/726/2 1422/725/2 1421/727/2
f 1388/728/2 1387/726/2 1421/727/2
f 1388/728/2 1421/727/2 1420/729/2
f 1389/730/2 1388/728/2 1420/729/2
f 1389/730/2 1420/729/2 1419/731/2
f 1390/732/2 1389/730/2 1419/731/2
f 1390/732/2 1419/731/2 1418/733/2
f 1391/734/2 1390/732/2 1418/733/2
f 1391/734/2 1418/733/2 1417/735/2
f 1392/736/2 1391/734/2 1417/735/2
f 1392/736/2 1417/735/2 1416/737/2
f 1393/738/2 1392/736/2 1416/737/2
f 1393/738/2 1416/737/2 1415/739/2
f 1394/740/2 1393/738/2 1415/739/2
f 1394/740/2 1415/739/2 1414/741/2
f 1395/742/2 1394/740/2 1414/741/2
f 1395/742/2 1414/741/2 1413/743/2
f 1396/744/2 1395/742/2 1413/743/2
f 1396/744/2 1413/743/2 1412/745/2
f 1397/746/2 1396/744/2 1412/745/2
f 1397/746/2 1412/745/2 1411/747/2
f 1398/748/2 1397/746/2 1411/747/2
f 1398/748/2 1411/747/2 1410/749/2
f 1399/750/2 1398/748/2 1410/749/2
f 1399/750/2 1410/749/2 1409/751/2
f 1400/752/2 1399/750/2 1409/751/2
f 1400/752/2 1409/751/2 1408/753/2
f 1401/754/2 1400/752/2 1408/753/2
f 1401/754/2 1408/753/2 1407/755/2
f 1402/756/2 1401/754/2 1407/755/2
f 1402/756/2 1407/755/2 1406/757/2
f 1403/758/2 1402/756/2 1406/757/2
f 1403/758/2 1406/757/2 1405/759/2
f 1404/760/2 1403/758/2 1405/759/2
f 199/1/3 198/3/3 1010/3/3 1011/1/3
f 198/3/4 197/2/4 1009/2/4 1010/3/4
f 197/2/5 196/4/5 1008/4/5 1009/2/5
f 200/5/6 199/1/6 1011/1/6 1012/5/6
f 196/4/7 195/6/7 1007/6/7 1008/4/7
f 201/7/8 200/5/8 1012/5/8 1013/7/8
f 195/6/9 194/8/9 1006/8/9 1007/6/9
f 202/9/10 201/7/10 1013/7/10 1014/9/10
f 194/8/11 193/10/11 1005/10/11 1006/8/11
f 203/11/12 202/9/12 1014/9/12 1015/11/12
f 193/10/13 192/12/13 1004/12/13 1005/10/13
f 204/13/14 203/11/14 1015/11/14 1016/13/14
f 192/12/15 191/14/15 1003/14/15 1004/12/15
f 205/15/16 204/13/16 1016/13/16 1017/15/16
f 191/14/17 190/16/17 1002/16/17 1003/14/17
f 206/17/18 205/15/18 1017/15/18 1018/17/18
f 190/16/19 189/18/19 1001/18/19 1002/16/19
f 207/19/20 206/17/20 1018/17/20 1019/19/20
f 189/18/21 188/20/21 1000/20/21 1001/18/21
f 208/21/22 207/19/22 1019/19/22 1020/21/22
f 188/20/23 187/22/23 999/22/23 1000/20/23
f 209/23/24 208/21/24 1020/21/24 1021/23/24
f 187/22/25 186/24/25 998/24/25 999/22/25
f 210/25/26 209/23/26 1021/23/26 1022/25/26
f 211/26/27 210/25/27 1022/25/27 1023/26/27
f 186/24/28 185/27/28 997/27/28 998/24/28
f 212/28/29 211/26/29 1023/26/29 1024/28/29
f 185/27/30 184/29/30 996/29/30 997/27/30
f 213/30/31 212/28/31 1024/28/31 1025/30/31
f 184/29/32 183/31/32 995/31/32 996/29/32
f 214/32/33 213/30/33 1025/30/33 1026/32/33
f 183/31/34 182/33/34 994/33/34 995/31/34
f 215/34/35 214/32/35 1026/32/35 1027/34/35
f 182/33/36 181/35/36 993/35/36 994/33/36
f 216/36/37 215/34/37 1027/34/37 1028/36/37
f 181/35/38 180/37/38 992/37/38 993/35/38
f 217/38/39 216/36/39 1028/36/39 1029/38/39
f 180/37/40 179/39/40 991/39/40 992/37/40
f 218/40/41 217/38/41 1029/38/41 1030/40/41
f 179/39/42 178/41/42 990/41/42 991/39/42
f 219/42/43 218/40/43 1030/40/43 1031/42/43
f 178/41/44 177/43/44 989/43/44 990/41/44
f 220/44/45 219/42/45 1031/42/45 1032/44/45
f 177/43/46 176/45/46 988/45/46 989/43/46
f 221/46/47 220/44/47 1032/44/47 1033/46/47
f 176/45/48 175/47/48 987/47/48 988/45/48
f 222/48/49 221/46/49 1033/46/49 1034/48/49
f 175/47/50 173/49/50 985/49/50 987/47/50
f 235/50/51 222/48/51 1034/48/51 1047/50/51
f 173/49/52 172/51/52 984/51/52 985/49/52
f 172/51/53 171/52/53 983/52/53 984/51/53
f 171/52/53 170/53/53 982/53/53 983/52/53
f 170/53/53 169/54/53 981/54/53 982/53/53
f 169/54/53 168/55/53 980/55/53 981/54/53
f 168/55/53 167/56/53 979/56/53 980/55/53
f 167/56/53 166/57/53 978/57/53 979/56/53
f 166/57/53 165/58/53 977/58/53 978/57/53
f 165/58/53 164/59/53 976/59/53 977/58/53
f 164/59/53 163/60/53 975/60/53 976/59/53
f 163/60/53 162/61/53 974/61/53 975/60/53
f 162/61/53 161/62/53 973/62/53 974/61/53
f 236/63/54 235/50/54 1047/50/54 1048/63/54
f 161/62/55 160/64/55 972/64/55 973/62/55
f 160/64/56 159/65/56 971/65/56 972/64/56
f 237/66/57 236/63/57 1048/63/57 1049/66/57
f 159/65/58 158/67/58 970/67/58 971/65/58
f 158/67/59 157/69/59 969/69/59 970/67/59
f 238/70/60 237/66/60 1049/66/60 1050/70/60
f 295/71/61 294/72/61 1106/72/61 1107/71/61
f 296/73/62 295/71/62 1107/71/62 1108/73/62
f 88/68/63 87/74/63 899/74/63 900/68/63
f 89/75/64 88/68/64 900/68/64 901/75/64
f 157/69/65 156/76/65 968/76/65 969/69/65
f 294/72/61 293/77/61 1105/77/61 1106/72/61
f 239/78/66 238/70/66 1050/70/66 1051/78/66
f 156/76/67 155/79/67 967/79/67 968/76/67
f 155/79/68 154/80/68 966/80/68 967/79/68
f 240/81/69 239/78/69 1051/78/69 1052/81/69
f 293/77/61 292/82/61 1104/82/61 1105/77/61
f 154/80/70 153/83/70 965/83/70 966/80/70
f 241/84/71 240/81/71 1052/81/71 1053/84/71
f 153/83/72 152/85/72 964/85/72 965/83/72
f 292/82/61 291/86/61 1103/86/61 1104/82/61
f 152/85/73 151/87/73 963/87/73 964/85/73
f 242/88/74 241/84/74 1053/84/74 1054/88/74
f 151/87/75 150/89/75 962/89/75 963/87/75
f 243/90/76 242/88/76 1054/88/76 1055/90/76
f 150/89/77 149/91/77 961/91/77 962/89/77
f 149/91/78 148/92/78 960/92/78 961/91/78
f 244/93/79 243/90/79 1055/90/79 1056/93/79
f 291/86/61 290/94/61 1102/94/61 1103/86/61
f 148/92/80 147/95/80 959/95/80 960/92/80
f 245/96/81 244/93/81 1056/93/81 1057/96/81
f 147/95/82 146/97/82 958/97/82 959/95/82
f 246/98/83 245/96/83 1057/96/83 1058/98/83
f 146/97/84 145/99/84 957/99/84 958/97/84
f 290/94/61 289/100/61 1101/100/61 1102/94/61
f 145/99/85 144/101/85 956/101/85 957/99/85
f 247/102/86 246/98/86 1058/98/86 1059/102/86
f 144/101/87 143/103/87 955/103/87 956/101/87
f 248/104/88 247/102/88 1059/102/88 1060/104/88
f 143/103/89 142/105/89 954/105/89 955/103/89
f 142/105/90 141/106/90 953/106/90 954/105/90
f 289/100/61 288/107/61 1100/107/61 1101/100/61
f 249/108/91 248/104/91 1060/104/91 1061/108/91
f 141/106/92 140/109/92 952/109/92 953/106/92
f 140/109/93 139/110/93 951/110/93 952/109/93
f 250/111/94 249/108/94 1061/108/94 1062/111/94
f 139/110/95 138/112/95 950/112/95 951/110/95
f 251/113/96 250/111/96 1062/111/96 1063/113/96
f 138/112/97 137/114/97 949/114/97 950/112/97
f 288/107/61 287/115/61 1099/115/61 1100/107/61
f 252/116/98 251/113/98 1063/113/98 1064/116/98
f 137/114/99 136/117/99 948/117/99 949/114/99
f 136/117/100 135/118/100 947/118/100 948/117/100
f 253/119/101 252/116/101 1064/116/101 1065/119/101
f 135/118/102 134/120/102 946/120/102 947/118/102
f 287/115/61 286/121/61 1098/121/61 1099/115/61
f 254/122/103 253/119/103 1065/119/103 1066/122/103
f 134/120/104 133/123/104 945/123/104 946/120/104
f 133/123/105 132/124/105 944/124/105 945/123/105
f 255/125/106 254/122/106 1066/122/106 1067/125/106
f 132/124/107 131/126/107 943/126/107 944/124/107
f 256/127/108 255/125/108 1067/125/108 1068/127/108
f 131/126/109 130/128/109 942/128/109 943/126/109
f 286/121/61 285/129/61 1097/129/61 1098/121/61
f 130/128/110 129/130/110 941/130/110 942/128/110
f 257/131/111 256/127/111 1068/127/111 1069/131/111
f 129/130/112 128/132/112 940/132/112 941/130/112
f 258/133/113 257/131/113 1069/131/113 1070/133/113
f 285/129/61 284/134/61 1096/134/61 1097/129/61
f 128/132/114 127/135/114 939/135/114 940/132/114
f 127/135/115 126/136/115 938/136/115 939/135/115
f 259/137/116 258/133/116 1070/133/116 1071/137/116
f 126/136/117 125/138/117 937/138/117 938/136/117
f 284/134/61 283/139/61 1095/139/61 1096/134/61
f 260/140/118 259/137/118 1071/137/118 1072/140/118
f 283/139/119 282/141/119 1094/141/119 1095/139/119
f 90/142/120 89/75/120 901/75/120 902/142/120
f 125/138/121 124/143/121 936/143/121 937/138/121
f 91/144/122 90/142/122 902/142/122 903/144/122
f 124/143/123 123/145/123 935/145/123 936/143/123
f 261/146/124 260/140/124 1072/140/124 1073/146/124
f 282/141/125 281/147/125 1093/147/125 1094/141/125
f 92/148/126 91/144/126 903/144/126 904/148/126
f 123/145/127 122/149/127 934/149/127 935/145/127
f 262/150/128 261/146/128 1073/146/128 1074/150/128
f 281/147/129 280/151/129 1092/151/129 1093/147/129
f 93/152/130 92/148/130 904/148/130 905/152/130
f 122/149/131 121/153/131 933/153/131 934/149/131
f 94/154/132 93/152/132 905/152/132 906/154/132
f 121/153/133 120/155/133 932/155/133 933/153/133
f 263/156/134 262/150/134 1074/150/134 1075/156/134
f 280/151/135 279/157/135 1091/157/135 1092/151/135
f 95/158/136 94/154/136 906/154/136 907/158/136
f 120/155/137 119/159/137 931/159/137 932/155/137
f 264/160/138 263/156/138 1075/156/138 1076/160/138
f 279/157/139 278/161/139 1090/161/139 1091/157/139
f 96/162/140 95/158/140 907/158/140 908/162/140
f 119/159/141 118/163/141 930/163/141 931/159/141
f 97/164/142 96/162/142 908/162/142 909/164/142
f 118/163/143 117/165/143 929/165/143 930/163/143
f 265/166/144 264/160/144 1076/160/144 1077/166/144
f 278/161/145 277/167/145 1089/167/145 1090/161/145
f 98/168/146 97/164/146 909/164/146 910/168/146
f 117/165/147 116/169/147 928/169/147 929/165/147
f 266/170/148 265/166/148 1077/166/148 1078/170/148
f 277/167/149 276/171/149 1088/171/149 1089/167/149
f 99/172/150 98/168/150 910/168/150 911/172/150
f 116/169/151 115/173/151 927/173/151 928/169/151
f 100/174/152 99/172/152 911/172/152 912/174/152
f 115/173/153 114/175/153 926/175/153 927/173/153
f 267/176/154 266/170/154 1078/170/154 1079/176/154
f 276/171/155 275/177/155 1087/177/155 1088/171/155
f 101/178/156 100/174/156 912/174/156 913/178/156
f 114/175/157 113/179/157 925/179/157 926/175/157
f 268/180/158 267/176/158 1079/176/158 1080/180/158
f 275/177/159 274/181/159 1086/181/159 1087/177/159
f 102/182/160 101/178/160 913/178/160 914/182/160
f 113/179/161 112/183/161 924/183/161 925/179/161
f 269/184/162 268/180/162 1080/180/162 1081/184/162
f 274/181/163 273/185/163 1085/185/163 1086/181/163
f 103/186/164 102/182/164 914/182/164 915/186/164
f 112/183/165 111/187/165 923/187/165 924/183/165
f 104/188/166 103/186/166 915/186/166 916/188/166
f 111/187/167 110/189/167 922/189/167 923/187/167
f 270/190/168 269/184/168 1081/184/168 1082/190/168
f 273/185/169 272/191/169 1084/191/169 1085/185/169
f 105/192/170 104/188/170 916/188/170 917/192/170
f 110/189/171 109/193/171 921/193/171 922/189/171
f 271/194/172 270/190/172 1082/190/172 1083/194/172
f 272/191/173 271/194/173 1083/194/173 1084/191/173
f 106/195/174 105/192/174 917/192/174 918/195/174
f 109/193/175 108/196/175 920/196/175 921/193/175
f 107/197/176 106/195/176 918/195/176 919/197/176
f 108/196/177 107/197/177 919/197/177 920/196/177
f 335/198/178 334/200/178 1146/200/178 1147/198/178
f 334/200/179 333/199/179 1145/199/179 1146/200/179
f 39/201/178 38/203/178 850/203/178 851/201/178
f 38/203/179 37/202/179 849/202/179 850/203/179
f 336/204/180 335/198/180 1147/198/180 1148/204/180
f 333/199/181 332/205/181 1144/205/181 1145/199/181
f 40/206/180 39/201/180 851/201/180 852/206/180
f 37/202/182 36/207/182 848/207/182 849/202/182
f 36/207/183 35/208/183 847/208/183 848/207/183
f 337/209/184 336/204/184 1148/204/184 1149/209/184
f 332/205/185 331/210/185 1143/210/185 1144/205/185
f 41/211/184 40/206/184 852/206/184 853/211/184
f 35/208/186 34/212/186 846/212/186 847/208/186
f 338/213/187 337/209/187 1149/209/187 1150/213/187
f 331/210/188 330/214/188 1142/214/188 1143/210/188
f 42/215/187 41/211/187 853/211/187 854/215/187
f 34/212/189 33/216/189 845/216/189 846/212/189
f 339/217/190 338/213/190 1150/213/190 1151/217/190
f 330/214/191 329/218/191 1141/218/191 1142/214/191
f 43/219/190 42/215/190 854/215/190 855/219/190
f 33/216/192 32/220/192 844/220/192 845/216/192
f 340/221/193 339/217/193 1151/217/193 1152/221/193
f 329/218/194 328/222/194 1140/222/194 1141/218/194
f 44/223/193 43/219/193 855/219/193 856/223/193
f 32/220/195 31/224/195 843/224/195 844/220/195
f 341/225/196 340/221/196 1152/221/196 1153/225/196
f 328/222/197 327/226/197 1139/226/197 1140/222/197
f 45/227/198 44/223/198 856/223/198 857/227/198
f 31/224/199 30/228/199 842/228/199 843/224/199
f 342/229/200 341/225/200 1153/225/200 1154/229/200
f 327/226/201 326/230/201 1138/230/201 1139/226/201
f 46/231/200 45/227/200 857/227/200 858/231/200
f 30/228/202 29/232/202 841/232/202 842/228/202
f 343/233/203 342/229/203 1154/229/203 1155/233/203
f 326/230/204 325/234/204 1137/234/204 1138/230/204
f 47/235/205 46/231/205 858/231/205 859/235/205
f 29/232/206 28/236/206 840/236/206 841/232/206
f 344/237/207 343/233/207 1155/233/207 1156/237/207
f 325/234/208 324/238/208 1136/238/208 1137/234/208
f 48/239/209 47/235/209 859/235/209 860/239/209
f 28/236/210 27/240/210 839/240/210 840/236/210
f 345/241/211 344/237/211 1156/237/211 1157/241/211
f 324/238/212 323/242/212 1135/242/212 1136/238/212
f 49/243/211 48/239/211 860/239/211 861/243/211
f 27/240/213 26/244/213 838/244/213 839/240/213
f 346/245/214 345/241/214 1157/241/214 1158/245/214
f 323/242/215 322/246/215 1134/246/215 1135/242/215
f 50/247/214 49/243/214 861/243/214 862/247/214
f 26/244/53 13/248/53 825/248/53 838/244/53
f 347/249/216 346/245/216 1158/245/216 1159/249/216
f 322/246/217 321/250/217 1133/250/217 1134/246/217
f 51/251/218 50/247/218 862/247/218 863/251/218
f 321/250/219 320/252/219 1132/252/219 1133/250/219
f 52/253/220 51/251/220 863/251/220 864/253/220
f 348/254/216 347/249/216 1159/249/216 1160/254/216
f 320/252/221 319/255/221 1131/255/221 1132/252/221
f 53/256/222 52/253/222 864/253/222 865/256/222
f 319/255/223 318/257/223 1130/257/223 1131/255/223
f 54/258/224 53/256/224 865/256/224 866/258/224
f 318/257/225 317/259/225 1129/259/225 1130/257/225
f 55/260/226 54/258/226 866/258/226 867/260/226
f 349/261/216 348/254/216 1160/254/216 1161/261/216
f 317/259/227 316/262/227 1128/262/227 1129/259/227
f 56/263/228 55/260/228 867/260/228 868/263/228
f 316/262/229 315/264/229 1127/264/229 1128/262/229
f 57/265/230 56/263/230 868/263/230 869/265/230
f 315/264/231 314/266/231 1126/266/231 1127/264/231
f 58/267/232 57/265/232 869/265/232 870/267/232
f 314/266/233 313/268/233 1125/268/233 1126/266/233
f 59/269/234 58/267/234 870/267/234 871/269/234
f 350/270/216 349/261/216 1161/261/216 1162/270/216
f 313/268/235 312/271/235 1124/271/235 1125/268/235
f 60/272/236 59/269/236 871/269/236 872/272/236
f 312/271/237 311/273/237 1123/273/237 1124/271/237
f 61/274/238 60/272/238 872/272/238 873/274/238
f 311/273/239 310/275/239 1122/275/239 1123/273/239
f 62/276/86 61/274/86 873/274/86 874/276/86
f 310/275/240 309/277/240 1121/277/240 1122/275/240
f 63/278/88 62/276/88 874/276/88 875/278/88
f 309/277/241 308/279/241 1120/279/241 1121/277/241
f 64/280/91 63/278/91 875/278/91 876/280/91
f 351/281/216 350/270/216 1162/270/216 1163/281/216
f 65/282/242 64/280/242 876/280/242 877/282/242
f 308/279/243 307/283/243 1119/283/243 1120/279/243
f 66/284/96 65/282/96 877/282/96 878/284/96
f 307/283/244 306/285/244 1118/285/244 1119/283/244
f 67/286/98 66/284/98 878/284/98 879/286/98
f 306/285/245 305/287/245 1117/287/245 1118/285/245
f 68/288/101 67/286/101 879/286/101 880/288/101
f 305/287/246 304/289/246 1116/289/246 1117/287/246
f 69/290/103 68/288/103 880/288/103 881/290/103
f 304/289/247 303/291/247 1115/291/247 1116/289/247
f 352/292/216 351/281/216 1163/281/216 1164/292/216
f 70/293/106 69/290/106 881/290/106 882/293/106
f 303/291/248 302/294/248 1114/294/248 1115/291/248
f 71/295/108 70/293/108 882/293/108 883/295/108
f 302/294/249 301/296/249 1113/296/249 1114/294/249
f 72/297/111 71/295/111 883/295/111 884/297/111
f 301/296/250 300/298/250 1112/298/250 1113/296/250
f 73/299/113 72/297/113 884/297/113 885/299/113
f 300/298/251 299/300/251 1111/300/251 1112/298/251
f 74/301/116 73/299/116 885/299/116 886/301/116
f 299/300/252 298/302/252 1110/302/252 1111/300/252
f 75/303/253 74/301/253 886/301/253 887/303/253
f 298/302/254 297/304/254 1109/304/254 1110/302/254
f 76/305/253 75/303/253 887/303/253 888/305/253
f 353/306/216 352/292/216 1164/292/216 1165/306/216
f 77/307/253 76/305/253 888/305/253 889/307/253
f 78/308/253 77/307/253 889/307/253 890/308/253
f 79/309/253 78/308/253 890/308/253 891/309/253
f 354/310/216 353/306/216 1165/306/216 1166/310/216
f 80/311/253 79/309/253 891/309/253 892/311/253
f 81/312/253 80/311/253 892/311/253 893/312/253
f 355/313/216 354/310/216 1166/310/216 1167/313/216
f 82/314/253 81/312/253 893/312/253 894/314/253
f 83/315/253 82/314/253 894/314/253 895/315/253
f 84/316/253 83/315/253 895/315/253 896/316/253
f 356/317/216 355/313/216 1167/313/216 1168/317/216
f 85/318/253 84/316/253 896/316/253 897/318/253
f 86/319/253 85/318/253 897/318/253 898/319/253
f 297/304/255 296/73/255 1108/73/255 1109/304/255
f 87/74/255 86/319/255 898/319/255 899/74/255
f 357/320/216 356/317/216 1168/317/216 1169/320/216
f 358/321/256 357/320/256 1169/320/256 1170/321/256
f 360/322/257 358/321/257 1170/321/257 1172/322/257
f 13/248/258 12/323/258 824/323/258 825/248/258
f 12/323/259 11/324/259 823/324/259 824/323/259
f 361/325/260 360/322/260 1172/322/260 1173/325/260
f 11/324/261 10/326/261 822/326/261 823/324/261
f 362/327/262 361/325/262 1173/325/262 1174/327/262
f 10/326/263 9/328/263 821/328/263 822/326/263
f 363/329/264 362/327/264 1174/327/264 1175/329/264
f 9/328/265 8/330/265 820/330/265 821/328/265
f 364/331/266 363/329/266 1175/329/266 1176/331/266
f 8/330/267 7/332/267 819/332/267 820/330/267
f 365/333/268 364/331/268 1176/331/268 1177/333/268
f 7/332/269 6/334/269 818/334/269 819/332/269
f 366/335/270 365/333/270 1177/333/270 1178/335/270
f 6/334/271 5/336/271 817/336/271 818/334/271
f 367/337/272 366/335/272 1178/335/272 1179/337/272
f 5/336/273 4/338/273 816/338/273 817/336/273
f 368/339/274 367/337/274 1179/337/274 1180/339/274
f 4/338/275 3/340/275 815/340/275 816/338/275
f 369/341/276 368/339/276 1180/339/276 1181/341/276
f 3/340/277 2/342/277 814/342/277 815/340/277
f 370/343/278 369/341/278 1181/341/278 1182/343/278
f 2/342/279 1/344/279 813/344/279 814/342/279
f 371/345/280 370/343/280 1182/343/280 1183/345/280
f 372/346/281 371/345/281 1183/345/281 1184/346/281
f 1/344/282 812/347/282 1624/347/282 813/344/282
f 373/348/283 372/346/283 1184/346/283 1185/348/283
f 812/347/284 811/349/284 1623/349/284 1624/347/284
f 374/350/285 373/348/285 1185/348/285 1186/350/285
f 811/349/286 810/351/286 1622/351/286 1623/349/286
f 375/352/287 374/350/287 1186/350/287 1187/352/287
f 810/351/288 809/353/288 1621/353/288 1622/351/288
f 376/354/289 375/352/289 1187/352/289 1188/354/289
f 809/353/290 808/355/290 1620/355/290 1621/353/290
f 377/356/291 376/354/291 1188/354/291 1189/356/291
f 808/355/292 807/357/292 1619/357/292 1620/355/292
f 378/358/293 377/356/293 1189/356/293 1190/358/293
f 807/357/294 806/359/294 1618/359/294 1619/357/294
f 379/360/295 378/358/295 1190/358/295 1191/360/295
f 806/359/296 805/361/296 1617/361/296 1618/359/296
f 380/362/297 379/360/297 1191/360/297 1192/362/297
f 805/361/298 804/363/298 1616/363/298 1617/361/298
f 381/364/299 380/362/299 1192/362/299 1193/364/299
f 804/363/300 803/365/300 1615/365/300 1616/363/300
f 382/366/301 381/364/301 1193/364/301 1194/366/301
f 803/365/302 802/367/302 1614/367/302 1615/365/302
f 383/368/303 382/366/303 1194/366/303 1195/368/303
f 802/367/304 801/369/304 1613/369/304 1614/367/304
f 384/370/305 383/368/305 1195/368/305 1196/370/305
f 801/369/306 800/371/306 1612/371/306 1613/369/306
f 385/372/307 384/370/307 1196/370/307 1197/372/307
f 800/371/308 799/373/308 1611/373/308 1612/371/308
f 386/374/309 385/372/309 1197/372/309 1198/374/309
f 799/373/310 798/375/310 1610/375/310 1611/373/310
f 387/376/311 386/374/311 1198/374/311 1199/376/311
f 798/375/312 797/377/312 1609/377/312 1610/375/312
f 388/378/313 387/376/313 1199/376/313 1200/378/313
f 797/377/314 796/379/314 1608/379/314 1609/377/314
f 389/380/315 388/378/315 1200/378/315 1201/380/315
f 796/379/316 795/381/316 1607/381/316 1608/379/316
f 390/382/317 389/380/317 1201/380/317 1202/382/317
f 795/381/318 794/383/318 1606/383/318 1607/381/318
f 391/384/319 390/382/319 1202/382/319 1203/384/319
f 794/383/320 793/385/320 1605/385/320 1606/383/320
f 392/386/321 391/384/321 1203/384/321 1204/386/321
f 793/385/322 792/387/322 1604/387/322 1605/385/322
f 393/388/323 392/386/323 1204/386/323 1205/388/323
f 792/387/324 791/389/324 1603/389/324 1604/387/324
f 394/390/325 393/388/325 1205/388/325 1206/390/325
f 791/389/326 790/391/326 1602/391/326 1603/389/326
f 395/392/327 394/390/327 1206/390/327 1207/392/327
f 790/391/328 789/393/328 1601/393/328 1602/391/328
f 396/394/329 395/392/329 1207/392/329 1208/394/329
f 789/393/330 788/395/330 1600/395/330 1601/393/330
f 788/395/331 787/396/331 1599/396/331 1600/395/331
f 397/397/332 396/394/332 1208/394/332 1209/397/332
f 787/396/333 786/398/333 1598/398/333 1599/396/333
f 398/399/334 397/397/334 1209/397/334 1210/399/334
f 786/398/335 785/400/335 1597/400/335 1598/398/335
f 399/401/336 398/399/336 1210/399/336 1211/401/336
f 785/400/337 784/402/337 1596/402/337 1597/400/337
f 400/403/338 399/401/338 1211/401/338 1212/403/338
f 784/402/339 783/404/339 1595/404/339 1596/402/339
f 401/405/340 400/403/340 1212/403/340 1213/405/340
f 783/404/341 782/406/341 1594/406/341 1595/404/341
f 402/407/342 401/405/342 1213/405/342 1214/407/342
f 782/406/343 781/408/343 1593/408/343 1594/406/343
f 403/409/344 402/407/344 1214/407/344 1215/409/344
f 781/408/345 780/410/345 1592/410/345 1593/408/345
f 404/411/346 403/409/346 1215/409/346 1216/411/346
f 780/410/347 779/412/347 1591/412/347 1592/410/347
f 405/413/348 404/411/348 1216/411/348 1217/413/348
f 779/412/349 778/414/349 1590/414/349 1591/412/349
f 406/415/350 405/413/350 1217/413/350 1218/415/350
f 778/414/351 776/416/351 1588/416/351 1590/414/351
f 407/417/352 406/415/352 1218/415/352 1219/417/352
f 420/418/353 407/417/353 1219/417/353 1232/418/353
f 776/416/354 775/420/354 1587/420/354 1588/416/354
f 775/420/354 774/421/354 1586/421/354 1587/420/354
f 505/422/355 504/419/355 1316/419/355 1317/422/355
f 691/424/355 690/423/355 1502/423/355 1503/424/355
f 774/421/354 773/425/354 1585/425/354 1586/421/354
f 504/419/356 503/426/356 1315/426/356 1316/419/356
f 506/427/62 505/422/62 1317/422/62 1318/427/62
f 690/423/63 689/428/63 1501/428/63 1502/423/63
f 692/429/357 691/424/357 1503/424/357 1504/429/357
f 503/426/356 502/430/356 1314/430/356 1315/426/356
f 502/430/356 501/431/356 1313/431/356 1314/430/356
f 773/425/354 772/432/354 1584/432/354 1585/425/354
f 501/431/356 500/433/356 1312/433/356 1313/431/356
f 500/433/356 499/434/356 1311/434/356 1312/433/356
f 499/434/356 498/435/356 1310/435/356 1311/434/356
f 772/432/354 771/436/354 1583/436/354 1584/432/354
f 498/435/356 497/437/356 1309/437/356 1310/435/356
f 497/437/356 496/438/356 1308/438/356 1309/437/356
f 771/436/354 770/439/354 1582/439/354 1583/436/354
f 496/438/356 495/440/356 1307/440/356 1308/438/356
f 495/440/356 494/441/356 1306/441/356 1307/440/356
f 494/441/356 493/442/356 1305/442/356 1306/441/356
f 770/439/354 769/443/354 1581/443/354 1582/439/354
f 493/442/356 492/444/356 1304/444/356 1305/442/356
f 492/444/55 491/445/55 1303/445/55 1304/444/55
f 693/446/358 692/429/358 1504/429/358 1505/446/358
f 491/445/56 490/447/56 1302/447/56 1303/445/56
f 694/448/359 693/446/359 1505/446/359 1506/448/359
f 490/447/58 489/449/58 1301/449/58 1302/447/58
f 695/450/360 694/448/360 1506/448/360 1507/450/360
f 489/449/59 488/451/59 1300/451/59 1301/449/59
f 696/452/361 695/450/361 1507/450/361 1508/452/361
f 488/451/65 487/453/65 1299/453/65 1300/451/65
f 697/454/362 696/452/362 1508/452/362 1509/454/362
f 487/453/67 486/455/67 1298/455/67 1299/453/67
f 698/456/363 697/454/363 1509/454/363 1510/456/363
f 486/455/68 485/457/68 1297/457/68 1298/455/68
f 699/458/364 698/456/364 1510/456/364 1511/458/364
f 485/457/70 484/459/70 1296/459/70 1297/457/70
f 700/460/365 699/458/365 1511/458/365 1512/460/365
f 484/459/72 483/461/72 1295/461/72 1296/459/72
f 701/462/366 700/460/366 1512/460/366 1513/462/366
f 769/443/354 768/463/354 1580/463/354 1581/443/354
f 483/461/73 482/464/73 1294/464/73 1295/461/73
f 702/465/367 701/462/367 1513/462/367 1514/465/367
f 482/464/75 481/466/75 1293/466/75 1294/464/75
f 703/467/368 702/465/368 1514/465/368 1515/467/368
f 481/466/77 480/468/77 1292/468/77 1293/466/77
f 704/469/369 703/467/369 1515/467/369 1516/469/369
f 480/468/78 479/470/78 1291/470/78 1292/468/78
f 705/471/370 704/469/370 1516/469/370 1517/471/370
f 706/472/371 705/471/371 1517/471/371 1518/472/371
f 479/470/80 478/473/80 1290/473/80 1291/470/80
f 707/474/372 706/472/372 1518/472/372 1519/474/372
f 478/473/82 477/475/82 1289/475/82 1290/473/82
f 708/476/373 707/474/373 1519/474/373 1520/476/373
f 477/475/84 476/477/84 1288/477/84 1289/475/84
f 709/478/374 708/476/374 1520/476/374 1521/478/374
f 476/477/375 475/479/375 1287/479/375 1288/477/375
f 768/463/354 767/480/354 1579/480/354 1580/463/354
f 710/481/376 709/478/376 1521/478/376 1522/481/376
f 475/479/87 474/482/87 1286/482/87 1287/479/87
f 711/483/377 710/481/377 1522/481/377 1523/483/377
f 474/482/89 473/484/89 1285/484/89 1286/482/89
f 712/485/378 711/483/378 1523/483/378 1524/485/378
f 473/484/379 472/486/379 1284/486/379 1285/484/379
f 713/487/380 712/485/380 1524/485/380 1525/487/380
f 472/486/92 471/488/92 1283/488/92 1284/486/92
f 714/489/381 713/487/381 1525/487/381 1526/489/381
f 471/488/93 470/490/93 1282/490/93 1283/488/93
f 715/491/382 714/489/382 1526/489/382 1527/491/382
f 470/490/95 469/492/95 1281/492/95 1282/490/95
f 716/493/383 715/491/383 1527/491/383 1528/493/383
f 469/492/97 468/494/97 1280/494/97 1281/492/97
f 767/480/354 766/495/354 1578/495/354 1579/480/354
f 468/494/99 467/496/99 1279/496/99 1280/494/99
f 717/497/384 716/493/384 1528/493/384 1529/497/384
f 467/496/100 466/498/100 1278/498/100 1279/496/100
f 718/499/385 717/497/385 1529/497/385 1530/499/385
f 466/498/102 465/500/102 1277/500/102 1278/498/102
f 719/501/386 718/499/386 1530/499/386 1531/501/386
f 465/500/104 464/502/104 1276/502/104 1277/500/104
f 720/503/387 719/501/387 1531/501/387 1532/503/387
f 464/502/105 463/504/105 1275/504/105 1276/502/105
f 721/505/388 720/503/388 1532/503/388 1533/505/388
f 463/504/107 462/506/107 1274/506/107 1275/504/107
f 722/507/389 721/505/389 1533/505/389 1534/507/389
f 766/495/354 765/508/354 1577/508/354 1578/495/354
f 462/506/109 461/509/109 1273/509/109 1274/506/109
f 723/510/390 722/507/390 1534/507/390 1535/510/390
f 461/509/110 460/511/110 1272/511/110 1273/509/110
f 724/512/391 723/510/391 1535/510/391 1536/512/391
f 460/511/112 459/513/112 1271/513/112 1272/511/112
f 725/514/392 724/512/392 1536/512/392 1537/514/392
f 459/513/114 458/515/114 1270/515/114 1271/513/114
f 726/516/393 725/514/393 1537/514/393 1538/516/393
f 458/515/115 457/517/115 1269/517/115 1270/515/115
f 727/518/394 726/516/394 1538/516/394 1539/518/394
f 765/508/354 764/519/354 1576/519/354 1577/508/354
f 457/517/117 456/520/117 1268/520/117 1269/517/117
f 728/521/395 727/518/395 1539/518/395 1540/521/395
f 421/522/396 420/418/396 1232/418/396 1233/522/396
f 456/520/397 455/523/397 1267/523/397 1268/520/397
f 729/524/120 728/521/120 1540/521/120 1541/524/120
f 764/519/398 763/525/398 1575/525/398 1576/519/398
f 455/523/123 454/526/123 1266/526/123 1267/523/123
f 763/525/123 762/527/123 1574/527/123 1575/525/123
f 422/528/122 421/522/122 1233/522/122 1234/528/122
f 730/529/122 729/524/122 1541/524/122 1542/529/122
f 454/526/127 453/530/127 1265/530/127 1266/526/127
f 762/527/127 761/531/127 1573/531/127 1574/527/127
f 423/532/126 422/528/126 1234/528/126 1235/532/126
f 731/533/126 730/529/126 1542/529/126 1543/533/126
f 453/530/131 452/534/131 1264/534/131 1265/530/131
f 761/531/131 760/535/131 1572/535/131 1573/531/131
f 424/536/130 423/532/130 1235/532/130 1236/536/130
f 732/537/130 731/533/130 1543/533/130 1544/537/130
f 452/534/133 451/538/133 1263/538/133 1264/534/133
f 760/535/133 759/539/133 1571/539/133 1572/535/133
f 425/540/132 424/536/132 1236/536/132 1237/540/132
f 733/541/132 732/537/132 1544/537/132 1545/541/132
f 451/538/137 450/542/137 1262/542/137 1263/538/137
f 759/539/137 758/543/137 1570/543/137 1571/539/137
f 426/544/136 425/540/136 1237/540/136 1238/544/136
f 734/545/136 733/541/136 1545/541/136 1546/545/136
f 450/542/399 449/546/399 1261/546/399 1262/542/399
f 758/543/141 757/547/141 1569/547/141 1570/543/141
f 427/548/400 426/544/400 1238/544/400 1239/548/400
f 735/549/400 734/545/400 1546/545/400 1547/549/400
f 449/546/143 448/550/143 1260/550/143 1261/546/143
f 757/547/143 756/551/143 1568/551/143 1569/547/143
f 428/552/142 427/548/142 1239/548/142 1240/552/142
f 736/553/142 735/549/142 1547/549/142 1548/553/142
f 448/550/147 447/554/147 1259/554/147 1260/550/147
f 756/551/147 755/555/147 1567/555/147 1568/551/147
f 429/556/146 428/552/146 1240/552/146 1241/556/146
f 737/557/146 736/553/146 1548/553/146 1549/557/146
f 447/554/151 446/558/151 1258/558/151 1259/554/151
f 755/555/151 754/559/151 1566/559/151 1567/555/151
f 430/560/150 429/556/150 1241/556/150 1242/560/150
f 738/561/150 737/557/150 1549/557/150 1550/561/150
f 446/558/153 445/562/153 1257/562/153 1258/558/153
f 754/559/153 753/563/153 1565/563/153 1566/559/153
f 431/564/152 430/560/152 1242/560/152 1243/564/152
f 739/565/152 738/561/152 1550/561/152 1551/565/152
f 445/562/157 444/566/157 1256/566/157 1257/562/157
f 753/563/157 752/567/157 1564/567/157 1565/563/157
f 432/568/156 431/564/156 1243/564/156 1244/568/156
f 740/569/156 739/565/156 1551/565/156 1552/569/156
f 433/570/160 432/568/160 1244/568/160 1245/570/160
f 444/566/161 443/571/161 1255/571/161 1256/566/161
f 741/572/160 740/569/160 1552/569/160 1553/572/160
f 752/567/161 751/573/161 1563/573/161 1564/567/161
f 434/574/164 433/570/164 1245/570/164 1246/574/164
f 443/571/165 442/575/165 1254/575/165 1255/571/165
f 742/576/164 741/572/164 1553/572/164 1554/576/164
f 751/573/165 750/577/165 1562/577/165 1563/573/165
f 435/578/166 434/574/166 1246/574/166 1247/578/166
f 442/575/167 441/579/167 1253/579/167 1254/575/167
f 743/580/166 742/576/166 1554/576/166 1555/580/166
f 750/577/167 749/581/167 1561/581/167 1562/577/167
f 436/582/170 435/578/170 1247/578/170 1248/582/170
f 441/579/171 440/583/171 1252/583/171 1253/579/171
f 744/584/170 743/580/170 1555/580/170 1556/584/170
f 749/581/171 748/585/171 1560/585/171 1561/581/171
f 437/586/174 436/582/174 1248/582/174 1249/586/174
f 440/583/175 439/587/175 1251/587/175 1252/583/175
f 745/588/174 744/584/174 1556/584/174 1557/588/174
f 748/585/175 747/589/175 1559/589/175 1560/585/175
f 438/590/176 437/586/176 1249/586/176 1250/590/176
f 439/587/177 438/590/177 1250/590/177 1251/587/177
f 746/591/176 745/588/176 1557/588/176 1558/591/176
f 747/589/177 746/591/177 1558/591/177 1559/589/177
f 520/592/178 519/594/178 1331/594/178 1332/592/178
f 519/594/179 518/593/179 1330/593/179 1331/594/179
f 666/595/178 665/597/178 1477/597/178 1478/595/178
f 665/597/179 664/596/179 1476/596/179 1477/597/179
f 518/593/401 517/598/401 1329/598/401 1330/593/401
f 664/596/181 663/599/181 1475/599/181 1476/596/181
f 521/600/180 520/592/180 1332/592/180 1333/600/180
f 667/601/180 666/595/180 1478/595/180 1479/601/180
f 517/598/183 516/602/183 1328/602/183 1329/598/183
f 663/599/185 662/603/185 1474/603/185 1475/599/185
f 522/604/184 521/600/184 1333/600/184 1334/604/184
f 668/605/184 667/601/184 1479/601/184 1480/605/184
f 516/602/186 515/606/186 1327/606/186 1328/602/186
f 662/603/188 661/607/188 1473/607/188 1474/603/188
f 523/608/187 522/604/187 1334/604/187 1335/608/187
f 669/609/187 668/605/187 1480/605/187 1481/609/187
f 515/606/189 514/610/189 1326/610/189 1327/606/189
f 661/607/191 660/611/191 1472/611/191 1473/607/191
f 524/612/190 523/608/190 1335/608/190 1336/612/190
f 670/613/190 669/609/190 1481/609/190 1482/613/190
f 514/610/192 513/614/192 1325/614/192 1326/610/192
f 660/611/194 659/615/194 1471/615/194 1472/611/194
f 525/616/193 524/612/193 1336/612/193 1337/616/193
f 671/617/193 670/613/193 1482/613/193 1483/617/193
f 513/614/195 512/618/195 1324/618/195 1325/614/195
f 659/615/402 658/619/402 1470/619/402 1471/615/402
f 526/620/198 525/616/198 1337/616/198 1338/620/198
f 672/621/198 671/617/198 1483/617/198 1484/621/198
f 512/618/199 511/622/199 1323/622/199 1324/618/199
f 658/619/201 657/623/201 1469/623/201 1470/619/201
f 527/624/200 526/620/200 1338/620/200 1339/624/200
f 673/625/200 672/621/200 1484/621/200 1485/625/200
f 511/622/202 510/626/202 1322/626/202 1323/622/202
f 657/623/204 656/627/204 1468/627/204 1469/623/204
f 528/628/203 527/624/203 1339/624/203 1340/628/203
f 674/629/203 673/625/203 1485/625/203 1486/629/203
f 510/626/206 509/630/206 1321/630/206 1322/626/206
f 656/627/208 655/631/208 1467/631/208 1468/627/208
f 529/632/207 528/628/207 1340/628/207 1341/632/207
f 675/633/209 674/629/209 1486/629/209 1487/633/209
f 509/630/210 508/634/210 1320/634/210 1321/630/210
f 655/631/212 654/635/212 1466/635/212 1467/631/212
f 530/636/211 529/632/211 1341/632/211 1342/636/211
f 676/637/211 675/633/211 1487/633/211 1488/637/211
f 508/634/213 507/638/213 1319/638/213 1320/634/213
f 654/635/215 653/639/215 1465/639/215 1466/635/215
f 531/640/214 530/636/214 1342/636/214 1343/640/214
f 677/641/214 676/637/214 1488/637/214 1489/641/214
f 507/638/403 506/427/403 1318/427/403 1319/638/403
f 532/642/218 531/640/218 1343/640/218 1344/642/218
f 678/643/404 677/641/404 1489/641/404 1490/643/404
f 653/639/217 652/644/217 1464/644/217 1465/639/217
f 679/645/404 678/643/404 1490/643/404 1491/645/404
f 533/646/220 532/642/220 1344/642/220 1345/646/220
f 652/644/219 651/647/219 1463/647/219 1464/644/219
f 680/648/404 679/645/404 1491/645/404 1492/648/404
f 534/649/222 533/646/222 1345/646/222 1346/649/222
f 651/647/221 650/650/221 1462/650/221 1463/647/221
f 535/651/224 534/649/224 1346/649/224 1347/651/224
f 650/650/223 649/652/223 1461/652/223 1462/650/223
f 681/653/404 680/648/404 1492/648/404 1493/653/404
f 536/654/405 535/651/405 1347/651/405 1348/654/405
f 649/652/406 648/655/406 1460/655/406 1461/652/406
f 537/656/228 536/654/228 1348/654/228 1349/656/228
f 648/655/227 647/657/227 1459/657/227 1460/655/227
f 538/658/230 537/656/230 1349/656/230 1350/658/230
f 647/657/229 646/659/229 1458/659/229 1459/657/229
f 682/660/404 681/653/404 1493/653/404 1494/660/404
f 539/661/232 538/658/232 1350/658/232 1351/661/232
f 646/659/231 645/662/231 1457/662/231 1458/659/231
f 540/663/234 539/661/234 1351/661/234 1352/663/234
f 645/662/407 644/664/407 1456/664/407 1457/662/407
f 683/665/404 682/660/404 1494/660/404 1495/665/404
f 541/666/408 540/663/408 1352/663/408 1353/666/408
f 644/664/235 643/667/235 1455/667/235 1456/664/235
f 542/668/238 541/666/238 1353/666/238 1354/668/238
f 643/667/237 642/669/237 1454/669/237 1455/667/237
f 543/670/86 542/668/86 1354/668/86 1355/670/86
f 642/669/239 641/671/239 1453/671/239 1454/669/239
f 684/672/404 683/665/404 1495/665/404 1496/672/404
f 544/673/88 543/670/88 1355/670/88 1356/673/88
f 641/671/409 640/674/409 1452/674/409 1453/671/409
f 545/675/91 544/673/91 1356/673/91 1357/675/91
f 640/674/241 639/676/241 1451/676/241 1452/674/241
f 685/677/404 684/672/404 1496/672/404 1497/677/404
f 546/678/94 545/675/94 1357/675/94 1358/678/94
f 639/676/243 638/679/243 1450/679/243 1451/676/243
f 547/680/96 546/678/96 1358/678/96 1359/680/96
f 638/679/244 637/681/244 1449/681/244 1450/679/244
f 686/682/404 685/677/404 1497/677/404 1498/682/404
f 548/683/98 547/680/98 1359/680/98 1360/683/98
f 637/681/245 636/684/245 1448/684/245 1449/681/245
f 549/685/101 548/683/101 1360/683/101 1361/685/101
f 636/684/246 635/686/246 1447/686/246 1448/684/246
f 550/687/103 549/685/103 1361/685/103 1362/687/103
f 635/686/410 634/688/410 1446/688/410 1447/686/410
f 687/689/404 686/682/404 1498/682/404 1499/689/404
f 551/690/411 550/687/411 1362/687/411 1363/690/411
f 634/688/248 633/691/248 1445/691/248 1446/688/248
f 688/692/404 687/689/404 1499/689/404 1500/692/404
f 552/693/108 551/690/108 1363/690/108 1364/693/108
f 633/691/249 632/694/249 1444/694/249 1445/691/249
f 553/695/111 552/693/111 1364/693/111 1365/695/111
f 632/694/250 631/696/250 1443/696/250 1444/694/250
f 689/428/404 688/692/404 1500/692/404 1501/428/404
f 554/697/113 553/695/113 1365/695/113 1366/697/113
f 631/696/251 630/698/251 1442/698/251 1443/696/251
f 555/699/116 554/697/116 1366/697/116 1367/699/116
f 630/698/252 629/700/252 1441/700/252 1442/698/252
f 556/701/412 555/699/412 1367/699/412 1368/701/412
f 629/700/354 616/702/354 1428/702/354 1441/700/354
f 557/703/412 556/701/412 1368/701/412 1369/703/412
f 558/704/412 557/703/412 1369/703/412 1370/704/412
f 559/705/412 558/704/412 1370/704/412 1371/705/412
f 560/706/412 559/705/412 1371/705/412 1372/706/412
f 561/707/412 560/706/412 1372/706/412 1373/707/412
f 562/708/412 561/707/412 1373/707/412 1374/708/412
f 563/709/412 562/708/412 1374/708/412 1375/709/412
f 564/710/412 563/709/412 1375/709/412 1376/710/412
f 565/711/412 564/710/412 1376/710/412 1377/711/412
f 566/712/412 565/711/412 1377/711/412 1378/712/412
f 567/713/412 566/712/412 1378/712/412 1379/713/412
f 569/714/413 567/713/413 1379/713/413 1381/714/413
f 616/702/123 615/715/123 1427/715/123 1428/702/123
f 570/716/414 569/714/414 1381/714/414 1382/716/414
f 615/715/415 614/717/415 1426/717/415 1427/715/415
f 571/718/416 570/716/416 1382/716/416 1383/718/416
f 614/717/417 613/719/417 1425/719/417 1426/717/417
f 572/720/418 571/718/418 1383/718/418 1384/720/418
f 613/719/419 612/721/419 1424/721/419 1425/719/419
f 573/722/420 572/720/420 1384/720/420 1385/722/420
f 612/721/421 611/723/421 1423/723/421 1424/721/421
f 574/724/422 573/722/422 1385/722/422 1386/724/422
f 611/723/423 610/725/423 1422/725/423 1423/723/423
f 575/726/424 574/724/424 1386/724/424 1387/726/424
f 610/725/425 609/727/425 1421/727/425 1422/725/425
f 576/728/426 575/726/426 1387/726/426 1388/728/426
f 609/727/427 608/729/427 1420/729/427 1421/727/427
f 577/730/428 576/728/428 1388/728/428 1389/730/428
f 608/729/429 607/731/429 1419/731/429 1420/729/429
f 578/732/430 577/730/430 1389/730/430 1390/732/430
f 607/731/431 606/733/431 1418/733/431 1419/731/431
f 579/734/432 578/732/432 1390/732/432 1391/734/432
f 606/733/433 605/735/433 1417/735/433 1418/733/433
f 580/736/434 579/734/434 1391/734/434 1392/736/434
f 605/735/435 604/737/435 1416/737/435 1417/735/435
f 581/738/436 580/736/436 1392/736/436 1393/738/436
f 604/737/437 603/739/437 1415/739/437 1416/737/437
f 582/740/438 581/738/438 1393/738/438 1394/740/438
f 603/739/439 602/741/439 1414/741/439 1415/739/439
f 583/742/440 582/740/440 1394/740/440 1395/742/440
f 602/741/441 601/743/441 1413/743/441 1414/741/441
f 584/744/442 583/742/442 1395/742/442 1396/744/442
f 601/743/443 600/745/443 1412/745/443 1413/743/443
f 585/746/444 584/744/444 1396/744/444 1397/746/444
f 600/745/445 599/747/445 1411/747/445 1412/745/445
f 586/748/446 585/746/446 1397/746/446 1398/748/446
f 599/747/447 598/749/447 1410/749/447 1411/747/447
f 587/750/448 586/748/448 1398/748/448 1399/750/448
f 598/749/449 597/751/449 1409/751/449 1410/749/449
f 588/752/450 587/750/450 1399/750/450 1400/752/450
f 597/751/451 596/753/451 1408/753/451 1409/751/451
f 589/754/452 588/752/452 1400/752/452 1401/754/452
f 596/753/453 595/755/453 1407/755/453 1408/753/453
f 590/756/454 589/754/454 1401/754/454 1402/756/454
f 595/755/455 594/757/455 1406/757/455 1407/755/455
f 591/758/456 590/756/456 1402/756/456 1403/758/456
f 594/757/457 593/759/457 1405/759/457 1406/757/457
f 592/760/458 591/758/458 1403/758/458 1404/760/458
f 593/759/459 592/760/459 1404/760/459 1405/759/459
